"","Store","Date","Weekly_Sales"
"1",1,2012-11-02,1502785.63536144
"2",1,2012-11-09,1712500.91036144
"3",1,2012-11-16,1632765.67036144
"4",1,2012-11-23,1599690.42036144
"5",1,2012-11-30,2082528.86536144
"6",1,2012-12-07,1654115.34536144
"7",1,2012-12-14,1829204.80036144
"8",1,2012-12-21,1974162.28036144
"9",1,2012-12-28,2417126.07536144
"10",1,2013-01-04,1520447.84536144
"11",1,2013-01-11,1585607.58036144
"12",1,2013-01-18,1513364.04536144
"13",1,2013-01-25,1448956.11036144
"14",1,2013-02-01,1406168.93036144
"15",1,2013-02-08,1746295.35048192
"16",1,2013-02-15,1815425.24048193
"17",1,2013-02-22,1823635.62381526
"18",1,2013-03-01,1586047.20714859
"19",1,2013-03-08,1743905.59048193
"20",1,2013-03-15,1673463.43381526
"21",1,2013-03-22,1693010.85048193
"22",1,2013-03-29,1602942.09714859
"23",1,2013-04-05,1697287.86048193
"24",1,2013-04-12,1803860.22714859
"25",1,2013-04-19,1666401.63381526
"26",1,2013-04-26,1609959.90714859
"27",1,2013-05-03,1567115.23048193
"28",1,2013-05-10,1756697.43714859
"29",1,2013-05-17,1687449.68381526
"30",1,2013-05-24,1592002.71048193
"31",1,2013-05-31,1601929.03048193
"32",1,2013-06-07,1742435.54048193
"33",1,2013-06-14,1726988.76381526
"34",1,2013-06-21,1672743.94714859
"35",1,2013-06-28,1580537.82714859
"36",1,2013-07-05,1624534.54714859
"37",1,2013-07-12,1734334.63381526
"38",1,2013-07-19,1594432.95048193
"39",1,2013-07-26,1544057.56714859
"40",1,2013-08-02,1505185.34048193
"41",1,2013-08-09,1737745.74714859
"42",1,2013-08-16,1659340.24714859
"43",1,2013-08-23,1664645.29714859
"44",1,2013-08-30,1586728.22714859
"45",1,2013-09-06,1674900.69048193
"46",1,2013-09-13,1687308.39381526
"47",1,2013-09-20,1604764.41381526
"48",1,2013-09-27,1530054.42714859
"49",1,2013-10-04,1545725.50381526
"50",1,2013-10-11,1720747.25714859
"51",1,2013-10-18,1626077.92048193
"52",1,2013-10-25,1569437.15714859
"53",1,2013-11-01,1561489.95560241
"54",2,2012-11-02,1779795.82415663
"55",2,2012-11-09,1943154.79915663
"56",2,2012-11-16,1912539.08915663
"57",2,2012-11-23,1923520.97915663
"58",2,2012-11-30,2630233.93915663
"59",2,2012-12-07,1979136.77915663
"60",2,2012-12-14,2328408.07915663
"61",2,2012-12-21,2514721.77915663
"62",2,2012-12-28,3323958.88415663
"63",2,2013-01-04,1806100.67915663
"64",2,2013-01-11,1772555.60915663
"65",2,2013-01-18,1738229.67415663
"66",2,2013-01-25,1725347.14915663
"67",2,2013-02-01,1671909.05415663
"68",2,2013-02-08,1992238.73554217
"69",2,2013-02-15,2128084.7888755
"70",2,2013-02-22,2125701.7988755
"71",2,2013-03-01,1845163.87554217
"72",2,2013-03-08,1966752.38220884
"73",2,2013-03-15,1927433.3088755
"74",2,2013-03-22,1933263.7488755
"75",2,2013-03-29,1760626.53220884
"76",2,2013-04-05,1899640.16554217
"77",2,2013-04-12,1968786.10220884
"78",2,2013-04-19,1880791.8188755
"79",2,2013-04-26,1843585.18554217
"80",2,2013-05-03,1762403.0788755
"81",2,2013-05-10,1926454.32554217
"82",2,2013-05-17,1870622.33220884
"83",2,2013-05-24,1853746.73554217
"84",2,2013-05-31,1880906.0388755
"85",2,2013-06-07,1973823.0288755
"86",2,2013-06-14,1979996.3288755
"87",2,2013-06-21,1964471.27554217
"88",2,2013-06-28,1864555.5588755
"89",2,2013-07-05,1908770.11220884
"90",2,2013-07-12,1916884.19554217
"91",2,2013-07-19,1812074.26220884
"92",2,2013-07-26,1773427.05220884
"93",2,2013-08-02,1739314.5588755
"94",2,2013-08-09,1929933.15220884
"95",2,2013-08-16,1850056.61554217
"96",2,2013-08-23,1903842.13554217
"97",2,2013-08-30,1845616.37554217
"98",2,2013-09-06,1878630.55554217
"99",2,2013-09-13,1820329.04220884
"100",2,2013-09-20,1758410.1088755
"101",2,2013-09-27,1732784.41554217
"102",2,2013-10-04,1733128.6688755
"103",2,2013-10-11,1886958.8288755
"104",2,2013-10-18,1804687.79554217
"105",2,2013-10-25,1798566.29220884
"106",2,2013-11-01,1775642.58692771
"107",3,2012-11-02,404712.881295181
"108",3,2012-11-09,476956.091295181
"109",3,2012-11-16,432846.34129518
"110",3,2012-11-23,421338.846295181
"111",3,2012-11-30,596893.21629518
"112",3,2012-12-07,510112.746295181
"113",3,2012-12-14,503854.116295181
"114",3,2012-12-21,540100.20629518
"115",3,2012-12-28,614252.51129518
"116",3,2013-01-04,432262.52129518
"117",3,2013-01-11,423856.476295181
"118",3,2013-01-18,409896.561295181
"119",3,2013-01-25,393994.35629518
"120",3,2013-02-01,392838.871295181
"121",3,2013-02-08,489228.738393573
"122",3,2013-02-15,489044.815060241
"123",3,2013-02-22,490867.391726907
"124",3,2013-03-01,455309.441726907
"125",3,2013-03-08,488208.638393574
"126",3,2013-03-15,458900.948393574
"127",3,2013-03-22,440600.235060241
"128",3,2013-03-29,432375.665060241
"129",3,2013-04-05,449308.708393574
"130",3,2013-04-12,481921.508393574
"131",3,2013-04-19,428206.831726907
"132",3,2013-04-26,436415.208393574
"133",3,2013-05-03,421952.235060241
"134",3,2013-05-10,464955.451726907
"135",3,2013-05-17,448414.261726907
"136",3,2013-05-24,423021.955060241
"137",3,2013-05-31,425242.641726907
"138",3,2013-06-07,455443.991726907
"139",3,2013-06-14,445193.148393574
"140",3,2013-06-21,450720.595060241
"141",3,2013-06-28,434983.981726907
"142",3,2013-07-05,438555.525060241
"143",3,2013-07-12,432717.908393574
"144",3,2013-07-19,428561.005060241
"145",3,2013-07-26,429497.838393574
"146",3,2013-08-02,408450.348393574
"147",3,2013-08-09,458398.035060241
"148",3,2013-08-16,418124.211726907
"149",3,2013-08-23,422983.585060241
"150",3,2013-08-30,427846.038393574
"151",3,2013-09-06,431296.065060241
"152",3,2013-09-13,426808.331726907
"153",3,2013-09-20,429623.371726907
"154",3,2013-09-27,425951.568393574
"155",3,2013-10-04,419887.285060241
"156",3,2013-10-11,461531.401726907
"157",3,2013-10-18,422419.385060241
"158",3,2013-10-25,436990.741726908
"159",3,2013-11-01,428477.348825301
"160",4,2012-11-02,2249062.2976506
"161",4,2012-11-09,2353732.5526506
"162",4,2012-11-16,2307977.6126506
"163",4,2012-11-23,2377443.9976506
"164",4,2012-11-30,3103651.8926506
"165",4,2012-12-07,2348330.7176506
"166",4,2012-12-14,2612296.0526506
"167",4,2012-12-21,2962293.1576506
"168",4,2012-12-28,3808117.1876506
"169",4,2013-01-04,2107553.3026506
"170",4,2013-01-11,2161687.1726506
"171",4,2013-01-18,2110155.5376506
"172",4,2013-01-25,2152311.8526506
"173",4,2013-02-01,2078046.6826506
"174",4,2013-02-08,2417955.94353414
"175",4,2013-02-15,2525693.1102008
"176",4,2013-02-22,2540086.66686747
"177",4,2013-03-01,2352249.90353414
"178",4,2013-03-08,2369032.36686747
"179",4,2013-03-15,2320952.4402008
"180",4,2013-03-22,2351712.06353414
"181",4,2013-03-29,2208186.72353414
"182",4,2013-04-05,2265046.45686747
"183",4,2013-04-12,2396625.4402008
"184",4,2013-04-19,2247890.9502008
"185",4,2013-04-26,2331293.18686747
"186",4,2013-05-03,2195256.79686747
"187",4,2013-05-10,2362513.74686747
"188",4,2013-05-17,2277294.94353414
"189",4,2013-05-24,2317598.3002008
"190",4,2013-05-31,2274844.44353414
"191",4,2013-06-07,2324764.22686747
"192",4,2013-06-14,2338697.26686747
"193",4,2013-06-21,2377133.9702008
"194",4,2013-06-28,2292853.5102008
"195",4,2013-07-05,2295832.55686747
"196",4,2013-07-12,2309837.7902008
"197",4,2013-07-19,2291330.4102008
"198",4,2013-07-26,2295495.2902008
"199",4,2013-08-02,2220396.44686747
"200",4,2013-08-09,2356158.03686747
"201",4,2013-08-16,2377450.39686747
"202",4,2013-08-23,2446625.83353414
"203",4,2013-08-30,2262799.9402008
"204",4,2013-09-06,2307241.08353414
"205",4,2013-09-13,2303442.8502008
"206",4,2013-09-20,2306551.8502008
"207",4,2013-09-27,2262597.87686747
"208",4,2013-10-04,2208730.6302008
"209",4,2013-10-11,2384777.31353414
"210",4,2013-10-18,2300394.67353414
"211",4,2013-10-25,2352961.01686747
"212",4,2013-11-01,2386772.96608434
"213",5,2012-11-02,319444.203222891
"214",5,2012-11-09,366392.008222891
"215",5,2012-11-16,333777.773222891
"216",5,2012-11-23,329575.333222891
"217",5,2012-11-30,525042.083222891
"218",5,2012-12-07,387268.988222891
"219",5,2012-12-14,387033.393222891
"220",5,2012-12-21,400576.488222891
"221",5,2012-12-28,489196.988222891
"222",5,2013-01-04,350813.273222891
"223",5,2013-01-11,326123.728222891
"224",5,2013-01-18,302956.358222891
"225",5,2013-01-25,308329.403222891
"226",5,2013-02-01,314442.048222891
"227",5,2013-02-08,362792.424297188
"228",5,2013-02-15,360099.697630522
"229",5,2013-02-22,374713.710963855
"230",5,2013-03-01,328268.190963855
"231",5,2013-03-08,361579.517630522
"232",5,2013-03-15,348443.420963855
"233",5,2013-03-22,346973.197630522
"234",5,2013-03-29,332319.477630522
"235",5,2013-04-05,361561.417630522
"236",5,2013-04-12,381994.260963855
"237",5,2013-04-19,358082.424297189
"238",5,2013-04-26,351653.734297189
"239",5,2013-05-03,346157.370963855
"240",5,2013-05-10,375000.980963855
"241",5,2013-05-17,343039.090963855
"242",5,2013-05-24,348354.150963855
"243",5,2013-05-31,352266.750963855
"244",5,2013-06-07,378173.527630522
"245",5,2013-06-14,350324.537630522
"246",5,2013-06-21,351211.344297189
"247",5,2013-06-28,343607.864297189
"248",5,2013-07-05,356796.077630522
"249",5,2013-07-12,350490.400963855
"250",5,2013-07-19,329265.644297189
"251",5,2013-07-26,332043.484297189
"252",5,2013-08-02,319513.844297189
"253",5,2013-08-09,350873.240963855
"254",5,2013-08-16,330255.394297189
"255",5,2013-08-23,337502.124297189
"256",5,2013-08-30,342444.084297189
"257",5,2013-09-06,363909.504297189
"258",5,2013-09-13,361978.394297189
"259",5,2013-09-20,322844.000963855
"260",5,2013-09-27,333035.430963855
"261",5,2013-10-04,331092.717630522
"262",5,2013-10-11,350099.194297189
"263",5,2013-10-18,333262.434297189
"264",5,2013-10-25,337352.857630522
"265",5,2013-11-01,337384.698704819
"266",6,2012-11-02,1415442.46084337
"267",6,2012-11-09,1527489.31584337
"268",6,2012-11-16,1528914.55084337
"269",6,2012-11-23,1534673.81084337
"270",6,2012-11-30,2271690.02584337
"271",6,2012-12-07,1695857.34084337
"272",6,2012-12-14,1882119.41084337
"273",6,2012-12-21,2075540.30584337
"274",6,2012-12-28,2699162.15084337
"275",6,2013-01-04,1544123.32084337
"276",6,2013-01-11,1385948.74584337
"277",6,2013-01-18,1338276.91084337
"278",6,2013-01-25,1306812.49084337
"279",6,2013-02-01,1314380.73084337
"280",6,2013-02-08,1572057.41779117
"281",6,2013-02-15,1588680.0511245
"282",6,2013-02-22,1608034.63445783
"283",6,2013-03-01,1457657.8511245
"284",6,2013-03-08,1568861.55445783
"285",6,2013-03-15,1558218.4511245
"286",6,2013-03-22,1726225.62445783
"287",6,2013-03-29,1485958.33779116
"288",6,2013-04-05,1596925.37779116
"289",6,2013-04-12,1698046.40445783
"290",6,2013-04-19,1545756.67779116
"291",6,2013-04-26,1562700.1211245
"292",6,2013-05-03,1495261.1211245
"293",6,2013-05-10,1573421.64445783
"294",6,2013-05-17,1515517.6411245
"295",6,2013-05-24,1493530.03779116
"296",6,2013-05-31,1608158.46445783
"297",6,2013-06-07,1765413.3211245
"298",6,2013-06-14,1677715.90779116
"299",6,2013-06-21,1664626.08445783
"300",6,2013-06-28,1618184.07779116
"301",6,2013-07-05,1718474.68779116
"302",6,2013-07-12,1776094.4011245
"303",6,2013-07-19,1575765.5011245
"304",6,2013-07-26,1579447.05779116
"305",6,2013-08-02,1527253.7311245
"306",6,2013-08-09,1638111.09779116
"307",6,2013-08-16,1557754.4311245
"308",6,2013-08-23,1542918.75445783
"309",6,2013-08-30,1474833.07445783
"310",6,2013-09-06,1540738.6911245
"311",6,2013-09-13,1522703.0111245
"312",6,2013-09-20,1362448.2011245
"313",6,2013-09-27,1363157.4811245
"314",6,2013-10-04,1352461.4911245
"315",6,2013-10-11,1470822.33779116
"316",6,2013-10-18,1414243.6511245
"317",6,2013-10-25,1413251.69779116
"318",6,2013-11-01,1424147.82807229
"319",7,2012-11-02,562666.911626506
"320",7,2012-11-09,588774.801626506
"321",7,2012-11-16,598050.516626506
"322",7,2012-11-23,577428.036626506
"323",7,2012-11-30,958383.141626506
"324",7,2012-12-07,638610.326626506
"325",7,2012-12-14,693038.336626506
"326",7,2012-12-21,784566.076626506
"327",7,2012-12-28,1118670.65162651
"328",7,2013-01-04,838994.376626506
"329",7,2013-01-11,753391.376626506
"330",7,2013-01-18,636880.756626506
"331",7,2013-01-25,616021.731626506
"332",7,2013-02-01,593455.651626506
"333",7,2013-02-08,633402.94550201
"334",7,2013-02-15,637490.375502008
"335",7,2013-02-22,655019.498835342
"336",7,2013-03-01,636939.175502008
"337",7,2013-03-08,619619.458835342
"338",7,2013-03-15,627861.578835342
"339",7,2013-03-22,714557.652168675
"340",7,2013-03-29,651597.592168675
"341",7,2013-04-05,640959.772168675
"342",7,2013-04-12,623747.898835341
"343",7,2013-04-19,537343.622168675
"344",7,2013-04-26,531229.502168675
"345",7,2013-05-03,505638.465502008
"346",7,2013-05-10,510889.165502008
"347",7,2013-05-17,504055.792168675
"348",7,2013-05-24,517765.745502008
"349",7,2013-05-31,565897.832168675
"350",7,2013-06-07,638325.305502008
"351",7,2013-06-14,675882.292168675
"352",7,2013-06-21,674693.255502008
"353",7,2013-06-28,715368.608835342
"354",7,2013-07-05,749750.898835342
"355",7,2013-07-12,808633.732168675
"356",7,2013-07-19,719689.252168675
"357",7,2013-07-26,736541.055502008
"358",7,2013-08-02,736099.162168675
"359",7,2013-08-09,761734.708835342
"360",7,2013-08-16,736594.822168675
"361",7,2013-08-23,711654.028835342
"362",7,2013-08-30,686135.128835341
"363",7,2013-09-06,658863.252168675
"364",7,2013-09-13,670594.468835342
"365",7,2013-09-20,618170.828835341
"366",7,2013-09-27,606666.065502008
"367",7,2013-10-04,576142.352168675
"368",7,2013-10-11,592313.035502008
"369",7,2013-10-18,577931.968835342
"370",7,2013-10-25,604189.792168675
"371",7,2013-11-01,606833.962710844
"372",8,2012-11-02,893510.089759037
"373",8,2012-11-09,977316.249759037
"374",8,2012-11-16,954089.284759036
"375",8,2012-11-23,931095.669759037
"376",8,2012-11-30,1288204.06475904
"377",8,2012-12-07,1009459.74975904
"378",8,2012-12-14,1100267.84475904
"379",8,2012-12-21,1209147.29975904
"380",8,2012-12-28,1526723.12475904
"381",8,2013-01-04,855854.909759036
"382",8,2013-01-11,912364.784759037
"383",8,2013-01-18,853429.764759036
"384",8,2013-01-25,858087.079759036
"385",8,2013-02-01,819993.149759036
"386",8,2013-02-08,1011814.92634538
"387",8,2013-02-15,1057150.47634538
"388",8,2013-02-22,1094801.37301205
"389",8,2013-03-01,950849.673012049
"390",8,2013-03-08,976045.836345382
"391",8,2013-03-15,959980.409678715
"392",8,2013-03-22,939493.583012049
"393",8,2013-03-29,877944.316345382
"394",8,2013-04-05,952766.906345382
"395",8,2013-04-12,1023926.18634538
"396",8,2013-04-19,953429.176345382
"397",8,2013-04-26,939768.023012049
"398",8,2013-05-03,890745.959678715
"399",8,2013-05-10,984870.869678715
"400",8,2013-05-17,949444.119678715
"401",8,2013-05-24,909135.776345382
"402",8,2013-05-31,926746.876345382
"403",8,2013-06-07,989236.996345382
"404",8,2013-06-14,966689.163012049
"405",8,2013-06-21,955997.296345382
"406",8,2013-06-28,912784.073012048
"407",8,2013-07-05,924472.513012049
"408",8,2013-07-12,934187.536345382
"409",8,2013-07-19,916048.723012049
"410",8,2013-07-26,887784.863012049
"411",8,2013-08-02,863902.339678715
"412",8,2013-08-09,947324.163012048
"413",8,2013-08-16,938187.739678715
"414",8,2013-08-23,940486.116345382
"415",8,2013-08-30,965611.823012048
"416",8,2013-09-06,975221.186345382
"417",8,2013-09-13,923681.959678715
"418",8,2013-09-20,916783.756345382
"419",8,2013-09-27,865689.346345382
"420",8,2013-10-04,885660.496345382
"421",8,2013-10-11,978621.549678715
"422",8,2013-10-18,925449.809678715
"423",8,2013-10-25,933938.533012049
"424",8,2013-11-01,920027.126265061
"425",9,2012-11-02,576724.837168675
"426",9,2012-11-09,605922.807168675
"427",9,2012-11-16,605770.687168675
"428",9,2012-11-23,579179.072168675
"429",9,2012-11-30,839472.302168675
"430",9,2012-12-07,643700.302168675
"431",9,2012-12-14,672284.837168675
"432",9,2012-12-21,743460.872168675
"433",9,2012-12-28,937396.402168675
"434",9,2013-01-04,552839.892168675
"435",9,2013-01-11,553344.012168675
"436",9,2013-01-18,514585.932168675
"437",9,2013-01-25,515136.152168675
"438",9,2013-02-01,521066.632168675
"439",9,2013-02-08,612108.9562249
"440",9,2013-02-15,636644.589558233
"441",9,2013-02-22,657839.8862249
"442",9,2013-03-01,580900.1362249
"443",9,2013-03-08,620351.162891567
"444",9,2013-03-15,593042.132891566
"445",9,2013-03-22,581195.1462249
"446",9,2013-03-29,575155.809558233
"447",9,2013-04-05,611131.659558233
"448",9,2013-04-12,653712.4562249
"449",9,2013-04-19,594988.5362249
"450",9,2013-04-26,591081.952891567
"451",9,2013-05-03,588868.5862249
"452",9,2013-05-10,616636.6462249
"453",9,2013-05-17,605577.4162249
"454",9,2013-05-24,596082.3062249
"455",9,2013-05-31,617148.239558233
"456",9,2013-06-07,649651.829558233
"457",9,2013-06-14,615852.8562249
"458",9,2013-06-21,609530.752891567
"459",9,2013-06-28,600807.8262249
"460",9,2013-07-05,600969.472891567
"461",9,2013-07-12,597467.929558233
"462",9,2013-07-19,571881.112891566
"463",9,2013-07-26,553453.052891567
"464",9,2013-08-02,542772.439558233
"465",9,2013-08-09,601274.602891567
"466",9,2013-08-16,577712.462891566
"467",9,2013-08-23,589179.812891567
"468",9,2013-08-30,604860.7062249
"469",9,2013-09-06,608270.8962249
"470",9,2013-09-13,590557.832891567
"471",9,2013-09-20,559797.039558233
"472",9,2013-09-27,561882.342891566
"473",9,2013-10-04,570953.812891567
"474",9,2013-10-11,619300.879558233
"475",9,2013-10-18,578330.429558233
"476",9,2013-10-25,585882.859558233
"477",9,2013-11-01,608765.028614458
"478",10,2012-11-02,1727955.97358434
"479",10,2012-11-09,1839730.48358434
"480",10,2012-11-16,1957641.42358434
"481",10,2012-11-23,1880537.69858434
"482",10,2012-11-30,2916477.71858434
"483",10,2012-12-07,2131057.11858434
"484",10,2012-12-14,2391955.76358434
"485",10,2012-12-21,2654744.22358434
"486",10,2012-12-28,3589927.49858434
"487",10,2013-01-04,1790399.46358434
"488",10,2013-01-11,1670261.04858434
"489",10,2013-01-18,1682588.36858434
"490",10,2013-01-25,1647964.76858434
"491",10,2013-02-01,1645492.73358434
"492",10,2013-02-08,1971372.83477912
"493",10,2013-02-15,2131884.48811245
"494",10,2013-02-22,2091565.90811245
"495",10,2013-03-01,1966602.74811245
"496",10,2013-03-08,1940361.71144579
"497",10,2013-03-15,1892639.73811245
"498",10,2013-03-22,1882681.62144579
"499",10,2013-03-29,1810803.27811245
"500",10,2013-04-05,1889255.46811245
"501",10,2013-04-12,1986931.70144578
"502",10,2013-04-19,1822772.33477912
"503",10,2013-04-26,1832380.11144579
"504",10,2013-05-03,1754316.44144578
"505",10,2013-05-10,1823262.46811245
"506",10,2013-05-17,1733005.99477912
"507",10,2013-05-24,1749765.05144578
"508",10,2013-05-31,1788059.49477912
"509",10,2013-06-07,1792236.49477912
"510",10,2013-06-14,1764565.68477912
"511",10,2013-06-21,1784251.57144579
"512",10,2013-06-28,1706980.15144579
"513",10,2013-07-05,1730122.11811245
"514",10,2013-07-12,1720374.12477912
"515",10,2013-07-19,1751437.87144578
"516",10,2013-07-26,1787202.16811245
"517",10,2013-08-02,1760576.61811245
"518",10,2013-08-09,1886865.66477912
"519",10,2013-08-16,1882150.70144578
"520",10,2013-08-23,1883819.49144578
"521",10,2013-08-30,1702189.82477912
"522",10,2013-09-06,1686941.72477912
"523",10,2013-09-13,1661671.38811245
"524",10,2013-09-20,1631146.63477912
"525",10,2013-09-27,1632808.56144578
"526",10,2013-10-04,1618027.84144579
"527",10,2013-10-11,1735004.07811245
"528",10,2013-10-18,1669371.07144578
"529",10,2013-10-25,1702206.09144579
"530",10,2013-11-01,1708892.77930723
"531",11,2012-11-02,1295304.12716867
"532",11,2012-11-09,1437967.33216867
"533",11,2012-11-16,1366308.72216867
"534",11,2012-11-23,1346163.17716867
"535",11,2012-11-30,1845542.07216867
"536",11,2012-12-07,1432366.61716867
"537",11,2012-12-14,1648030.26216867
"538",11,2012-12-21,1856384.68216867
"539",11,2012-12-28,2302336.00716867
"540",11,2013-01-04,1304487.73216867
"541",11,2013-01-11,1273839.57216867
"542",11,2013-01-18,1272037.26216867
"543",11,2013-01-25,1239983.81716867
"544",11,2013-02-01,1173991.34716867
"545",11,2013-02-08,1499021.05955823
"546",11,2013-02-15,1579328.34955823
"547",11,2013-02-22,1599143.3662249
"548",11,2013-03-01,1403217.78289157
"549",11,2013-03-08,1478079.7962249
"550",11,2013-03-15,1409866.51289157
"551",11,2013-03-22,1455893.75955823
"552",11,2013-03-29,1315257.14289157
"553",11,2013-04-05,1391588.23955823
"554",11,2013-04-12,1521270.23289157
"555",11,2013-04-19,1426225.82289157
"556",11,2013-04-26,1385672.79289157
"557",11,2013-05-03,1334457.1262249
"558",11,2013-05-10,1394603.57289157
"559",11,2013-05-17,1338226.30955823
"560",11,2013-05-24,1344444.06955823
"561",11,2013-05-31,1316087.07289157
"562",11,2013-06-07,1423776.94289157
"563",11,2013-06-14,1412772.47955823
"564",11,2013-06-21,1420560.46289157
"565",11,2013-06-28,1347356.50955823
"566",11,2013-07-05,1355625.70289157
"567",11,2013-07-12,1415230.2262249
"568",11,2013-07-19,1349057.36289157
"569",11,2013-07-26,1349742.1962249
"570",11,2013-08-02,1301762.96289157
"571",11,2013-08-09,1447317.07955823
"572",11,2013-08-16,1432425.82955823
"573",11,2013-08-23,1501815.2062249
"574",11,2013-08-30,1398420.61955823
"575",11,2013-09-06,1381451.77955823
"576",11,2013-09-13,1318409.7062249
"577",11,2013-09-20,1307981.2262249
"578",11,2013-09-27,1300595.8962249
"579",11,2013-10-04,1256737.7762249
"580",11,2013-10-11,1410771.4762249
"581",11,2013-10-18,1314378.00955823
"582",11,2013-10-25,1298929.4662249
"583",11,2013-11-01,1323600.17861446
"584",12,2012-11-02,1013604.78939759
"585",12,2012-11-09,1031311.99939759
"586",12,2012-11-16,1059277.63439759
"587",12,2012-11-23,973061.76939759
"588",12,2012-11-30,1637143.16439759
"589",12,2012-12-07,1110952.38439759
"590",12,2012-12-14,1196284.54939759
"591",12,2012-12-21,1334999.01439759
"592",12,2012-12-28,1733425.20939759
"593",12,2013-01-04,1042181.73939759
"594",12,2013-01-11,968461.19439759
"595",12,2013-01-18,879234.07939759
"596",12,2013-01-25,869508.31939759
"597",12,2013-02-01,921155.62439759
"598",12,2013-02-08,1122286.49586345
"599",12,2013-02-15,1188530.91586345
"600",12,2013-02-22,1208644.19919679
"601",12,2013-03-01,1122944.20253012
"602",12,2013-03-08,1157293.47919679
"603",12,2013-03-15,1086150.80586345
"604",12,2013-03-22,1077355.28919679
"605",12,2013-03-29,1047706.66586345
"606",12,2013-04-05,1068215.00253012
"607",12,2013-04-12,1110114.54253012
"608",12,2013-04-19,1064912.49253012
"609",12,2013-04-26,1059438.95586345
"610",12,2013-05-03,1038471.89919679
"611",12,2013-05-10,1099935.14586345
"612",12,2013-05-17,1049020.22919679
"613",12,2013-05-24,1021657.53253012
"614",12,2013-05-31,1024424.95919679
"615",12,2013-06-07,1054336.07919679
"616",12,2013-06-14,1087062.04253012
"617",12,2013-06-21,1041416.21253012
"618",12,2013-06-28,1032884.56253012
"619",12,2013-07-05,1006350.79586345
"620",12,2013-07-12,1021366.47919679
"621",12,2013-07-19,991564.829196787
"622",12,2013-07-26,979387.64253012
"623",12,2013-08-02,961013.41253012
"624",12,2013-08-09,1025644.56586345
"625",12,2013-08-16,1010281.65919679
"626",12,2013-08-23,1027414.89919679
"627",12,2013-08-30,1077396.10586345
"628",12,2013-09-06,1117243.49586345
"629",12,2013-09-13,981030.879196787
"630",12,2013-09-20,930014.069196787
"631",12,2013-09-27,936108.149196787
"632",12,2013-10-04,919910.125863453
"633",12,2013-10-11,1003794.41919679
"634",12,2013-10-18,962304.77253012
"635",12,2013-10-25,973136.822530121
"636",12,2013-11-01,1040600.95566265
"637",13,2012-11-02,2022246.07322289
"638",13,2012-11-09,2049574.23322289
"639",13,2012-11-16,2129709.99322289
"640",13,2012-11-23,2074790.34322289
"641",13,2012-11-30,2919216.96322289
"642",13,2012-12-07,2171279.40822289
"643",13,2012-12-14,2566055.33822289
"644",13,2012-12-21,2869928.39322289
"645",13,2012-12-28,3680266.24822289
"646",13,2013-01-04,1926106.08822289
"647",13,2013-01-11,1909080.21822289
"648",13,2013-01-18,1842571.10822289
"649",13,2013-01-25,1894823.42322289
"650",13,2013-02-01,1787754.73822289
"651",13,2013-02-08,2052971.46096386
"652",13,2013-02-15,2153461.15429719
"653",13,2013-02-22,2201319.60763052
"654",13,2013-03-01,1998426.27763052
"655",13,2013-03-08,2073470.13429719
"656",13,2013-03-15,2031763.90096386
"657",13,2013-03-22,2057849.27429719
"658",13,2013-03-29,2003263.22763052
"659",13,2013-04-05,2123810.00429719
"660",13,2013-04-12,2157709.22096386
"661",13,2013-04-19,2081339.62429719
"662",13,2013-04-26,2135020.92096386
"663",13,2013-05-03,2022418.22429719
"664",13,2013-05-10,2134526.63429719
"665",13,2013-05-17,2115195.90096385
"666",13,2013-05-24,2087402.74429719
"667",13,2013-05-31,2067601.57763052
"668",13,2013-06-07,2136485.67096386
"669",13,2013-06-14,2211287.45763052
"670",13,2013-06-21,2219274.81429719
"671",13,2013-06-28,2163200.95429719
"672",13,2013-07-05,2173246.89763052
"673",13,2013-07-12,2164416.72096386
"674",13,2013-07-19,2102507.29429719
"675",13,2013-07-26,2121085.47096386
"676",13,2013-08-02,2009609.99429719
"677",13,2013-08-09,2168409.33763052
"678",13,2013-08-16,2101560.12763052
"679",13,2013-08-23,2199744.77429719
"680",13,2013-08-30,2139569.19763052
"681",13,2013-09-06,2118354.45096386
"682",13,2013-09-13,2075529.36429719
"683",13,2013-09-20,2016382.37429719
"684",13,2013-09-27,1969064.08096386
"685",13,2013-10-04,1981545.93763052
"686",13,2013-10-11,2132267.30096386
"687",13,2013-10-18,2065298.70096386
"688",13,2013-10-25,2068076.84763052
"689",13,2013-11-01,2091533.82870482
"690",14,2012-11-02,1788191.49198795
"691",14,2012-11-09,1893621.35198795
"692",14,2012-11-16,1854246.11698795
"693",14,2012-11-23,1736295.91198795
"694",14,2012-11-30,2570915.02198795
"695",14,2012-12-07,1968169.36198795
"696",14,2012-12-14,2302934.53698795
"697",14,2012-12-21,2445996.51198795
"698",14,2012-12-28,3361261.98198795
"699",14,2013-01-04,1536316.93698795
"700",14,2013-01-11,1629329.79198795
"701",14,2013-01-18,1465056.34698795
"702",14,2013-01-25,1533535.35698795
"703",14,2013-02-01,1371924.58698795
"704",14,2013-02-08,1855436.40931727
"705",14,2013-02-15,1610472.38598394
"706",14,2013-02-22,1771225.46931727
"707",14,2013-03-01,1638625.90598394
"708",14,2013-03-08,1758100.79931727
"709",14,2013-03-15,1725838.69598394
"710",14,2013-03-22,1669762.75598394
"711",14,2013-03-29,1630944.08598394
"712",14,2013-04-05,1779770.3726506
"713",14,2013-04-12,1914046.48931727
"714",14,2013-04-19,1693065.4026506
"715",14,2013-04-26,1779943.2626506
"716",14,2013-05-03,1622179.91931727
"717",14,2013-05-10,1828202.59598394
"718",14,2013-05-17,1730389.8426506
"719",14,2013-05-24,1689975.03931727
"720",14,2013-05-31,1802751.01931727
"721",14,2013-06-07,1854174.4926506
"722",14,2013-06-14,1850389.65598394
"723",14,2013-06-21,1768666.5526506
"724",14,2013-06-28,1681823.11931727
"725",14,2013-07-05,1690276.22598394
"726",14,2013-07-12,1743758.72931727
"727",14,2013-07-19,1565930.47598394
"728",14,2013-07-26,1516337.82598394
"729",14,2013-08-02,1491638.66598394
"730",14,2013-08-09,1670752.56598394
"731",14,2013-08-16,1566621.9026506
"732",14,2013-08-23,1561327.54931727
"733",14,2013-08-30,1661727.0226506
"734",14,2013-09-06,1538778.1226506
"735",14,2013-09-13,1789520.01598394
"736",14,2013-09-20,1480836.33598394
"737",14,2013-09-27,1462112.0926506
"738",14,2013-10-04,1419247.39931727
"739",14,2013-10-11,1642529.7226506
"740",14,2013-10-18,1510718.67931727
"741",14,2013-10-25,1535145.81598394
"742",14,2013-11-01,1633114.33331325
"743",15,2012-11-02,560361.942590362
"744",15,2012-11-09,580344.557590362
"745",15,2012-11-16,585584.627590361
"746",15,2012-11-23,569318.507590362
"747",15,2012-11-30,1059538.35759036
"748",15,2012-12-07,692871.652590362
"749",15,2012-12-14,772219.642590362
"750",15,2012-12-21,893410.167590362
"751",15,2012-12-28,1241794.86759036
"752",15,2013-01-04,539897.327590361
"753",15,2013-01-11,479154.057590362
"754",15,2013-01-18,433093.657590362
"755",15,2013-01-25,456306.287590362
"756",15,2013-02-01,439872.462590362
"757",15,2013-02-08,532554.773453815
"758",15,2013-02-15,586229.686787149
"759",15,2013-02-22,591498.156787149
"760",15,2013-03-01,512914.580120482
"761",15,2013-03-08,528383.983453815
"762",15,2013-03-15,517162.976787149
"763",15,2013-03-22,527011.760120482
"764",15,2013-03-29,516714.013453815
"765",15,2013-04-05,561244.466787149
"766",15,2013-04-12,582362.110120482
"767",15,2013-04-19,557548.176787149
"768",15,2013-04-26,566118.606787149
"769",15,2013-05-03,508039.176787149
"770",15,2013-05-10,578299.773453815
"771",15,2013-05-17,556522.483453815
"772",15,2013-05-24,558583.456787149
"773",15,2013-05-31,646635.310120482
"774",15,2013-06-07,639239.780120482
"775",15,2013-06-14,579522.386787149
"776",15,2013-06-21,598051.806787149
"777",15,2013-06-28,627011.323453815
"778",15,2013-07-05,624421.713453815
"779",15,2013-07-12,623266.746787149
"780",15,2013-07-19,571271.046787149
"781",15,2013-07-26,554519.160120482
"782",15,2013-08-02,544361.766787149
"783",15,2013-08-09,567837.153453815
"784",15,2013-08-16,556295.490120482
"785",15,2013-08-23,560492.336787149
"786",15,2013-08-30,575524.826787149
"787",15,2013-09-06,587717.200120482
"788",15,2013-09-13,567325.973453815
"789",15,2013-09-20,506977.453453815
"790",15,2013-09-27,497478.120120482
"791",15,2013-10-04,502434.873453815
"792",15,2013-10-11,536443.566787149
"793",15,2013-10-18,510423.740120482
"794",15,2013-10-25,541508.926787149
"795",15,2013-11-01,537888.507650603
"796",16,2012-11-02,516561.796054217
"797",16,2012-11-09,495073.921054217
"798",16,2012-11-16,499498.471054217
"799",16,2012-11-23,485585.596054217
"800",16,2012-11-30,698221.521054217
"801",16,2012-12-07,537468.151054217
"802",16,2012-12-14,588542.686054217
"803",16,2012-12-21,680158.391054217
"804",16,2012-12-28,993802.761054217
"805",16,2013-01-04,636680.656054217
"806",16,2013-01-11,585133.451054217
"807",16,2013-01-18,505534.276054217
"808",16,2013-01-25,484730.376054217
"809",16,2013-02-01,467277.026054217
"810",16,2013-02-08,498981.09807229
"811",16,2013-02-15,492327.961405623
"812",16,2013-02-22,506494.574738956
"813",16,2013-03-01,492843.284738956
"814",16,2013-03-08,485855.251405622
"815",16,2013-03-15,487738.498072289
"816",16,2013-03-22,528965.764738956
"817",16,2013-03-29,502108.838072289
"818",16,2013-04-05,499906.984738956
"819",16,2013-04-12,476796.101405623
"820",16,2013-04-19,459763.368072289
"821",16,2013-04-26,413139.314738956
"822",16,2013-05-03,408154.044738956
"823",16,2013-05-10,439449.268072289
"824",16,2013-05-17,452132.864738956
"825",16,2013-05-24,476189.971405622
"826",16,2013-05-31,502186.504738956
"827",16,2013-06-07,548017.931405623
"828",16,2013-06-14,601508.001405623
"829",16,2013-06-21,585369.204738956
"830",16,2013-06-28,587257.151405622
"831",16,2013-07-05,617969.001405623
"832",16,2013-07-12,651672.421405623
"833",16,2013-07-19,602265.421405623
"834",16,2013-07-26,599921.894738956
"835",16,2013-08-02,582906.411405622
"836",16,2013-08-09,609428.078072289
"837",16,2013-08-16,575348.341405623
"838",16,2013-08-23,554136.574738956
"839",16,2013-08-30,584613.474738956
"840",16,2013-09-06,579698.758072289
"841",16,2013-09-13,571215.151405622
"842",16,2013-09-20,550673.838072289
"843",16,2013-09-27,530165.198072289
"844",16,2013-10-04,482675.441405623
"845",16,2013-10-11,487156.184738956
"846",16,2013-10-18,502197.758072289
"847",16,2013-10-25,580961.931405623
"848",16,2013-11-01,527289.420090362
"849",17,2012-11-02,977252.806054217
"850",17,2012-11-09,951074.026054217
"851",17,2012-11-16,963137.546054217
"852",17,2012-11-23,908016.406054217
"853",17,2012-11-30,1193602.48605422
"854",17,2012-12-07,1013948.71105422
"855",17,2012-12-14,1047527.20605422
"856",17,2012-12-21,1136591.18605422
"857",17,2012-12-28,1377219.81105422
"858",17,2013-01-04,784562.891054217
"859",17,2013-01-11,1218615.64605422
"860",17,2013-01-18,894071.626054217
"861",17,2013-01-25,860566.476054217
"862",17,2013-02-01,830956.976054217
"863",17,2013-02-08,927534.594738957
"864",17,2013-02-15,949146.978072289
"865",17,2013-02-22,966957.808072289
"866",17,2013-03-01,890927.45807229
"867",17,2013-03-08,922576.238072289
"868",17,2013-03-15,905300.341405623
"869",17,2013-03-22,898573.218072289
"870",17,2013-03-29,912746.514738956
"871",17,2013-04-05,942987.09807229
"872",17,2013-04-12,960372.741405623
"873",17,2013-04-19,924063.124738956
"874",17,2013-04-26,1156884.26140562
"875",17,2013-05-03,950935.464738956
"876",17,2013-05-10,989404.644738956
"877",17,2013-05-17,980197.914738956
"878",17,2013-05-24,983999.34807229
"879",17,2013-05-31,1020622.57140562
"880",17,2013-06-07,1007649.83140562
"881",17,2013-06-14,1008848.25807229
"882",17,2013-06-21,1016321.49140562
"883",17,2013-06-28,1036012.61807229
"884",17,2013-07-05,1064621.27140562
"885",17,2013-07-12,1036958.17473896
"886",17,2013-07-19,1017392.35807229
"887",17,2013-07-26,1016453.25807229
"888",17,2013-08-02,971672.354738956
"889",17,2013-08-09,950470.42807229
"890",17,2013-08-16,907333.624738956
"891",17,2013-08-23,912830.924738956
"892",17,2013-08-30,958795.441405623
"893",17,2013-09-06,953263.288072289
"894",17,2013-09-13,1310177.87140562
"895",17,2013-09-20,1101844.42807229
"896",17,2013-09-27,999608.914738956
"897",17,2013-10-04,994075.474738956
"898",17,2013-10-11,1003488.66473896
"899",17,2013-10-18,984776.718072289
"900",17,2013-10-25,987314.228072289
"901",17,2013-11-01,1029271.45009036
"902",18,2012-11-02,1023070.28653614
"903",18,2012-11-09,1045538.70153614
"904",18,2012-11-16,1031087.57653614
"905",18,2012-11-23,1001817.97653614
"906",18,2012-11-30,1589425.87653614
"907",18,2012-12-07,1149997.57153614
"908",18,2012-12-14,1342780.80653614
"909",18,2012-12-21,1503138.17153614
"910",18,2012-12-28,1905410.97653614
"911",18,2013-01-04,899695.451536144
"912",18,2013-01-11,906083.886536145
"913",18,2013-01-18,784113.466536144
"914",18,2013-01-25,864796.361536144
"915",18,2013-02-01,788023.236536145
"916",18,2013-02-08,1037587.86204819
"917",18,2013-02-15,1091130.86538153
"918",18,2013-02-22,1054516.86871486
"919",18,2013-03-01,971281.558714859
"920",18,2013-03-08,1030690.27871486
"921",18,2013-03-15,1009417.28204819
"922",18,2013-03-22,952419.432048192
"923",18,2013-03-29,956736.498714859
"924",18,2013-04-05,1001051.67204819
"925",18,2013-04-12,1065215.65204819
"926",18,2013-04-19,974673.882048193
"927",18,2013-04-26,1021983.40538153
"928",18,2013-05-03,932529.862048192
"929",18,2013-05-10,1046517.84538153
"930",18,2013-05-17,982688.458714859
"931",18,2013-05-24,981839.728714859
"932",18,2013-05-31,1070595.43871486
"933",18,2013-06-07,1123169.08871486
"934",18,2013-06-14,1043307.92204819
"935",18,2013-06-21,1029451.31538153
"936",18,2013-06-28,1053220.83871486
"937",18,2013-07-05,1081276.23871486
"938",18,2013-07-12,1060094.71538153
"939",18,2013-07-19,972352.822048192
"940",18,2013-07-26,953185.685381526
"941",18,2013-08-02,919685.108714859
"942",18,2013-08-09,1007611.20871486
"943",18,2013-08-16,927446.828714859
"944",18,2013-08-23,974839.168714859
"945",18,2013-08-30,1103297.64538153
"946",18,2013-09-06,882407.582048192
"947",18,2013-09-13,949371.592048192
"948",18,2013-09-20,868677.495381526
"949",18,2013-09-27,859055.182048192
"950",18,2013-10-04,867008.195381526
"951",18,2013-10-11,1007073.80204819
"952",18,2013-10-18,953024.618714859
"953",18,2013-10-25,983627.535381526
"954",18,2013-11-01,990044.087560241
"955",19,2012-11-02,1350303.95686747
"956",19,2012-11-09,1407543.98186747
"957",19,2012-11-16,1445866.93186747
"958",19,2012-11-23,1344423.87186747
"959",19,2012-11-30,1933716.84186747
"960",19,2012-12-07,1500057.70686747
"961",19,2012-12-14,1706129.55686747
"962",19,2012-12-21,1831782.83186747
"963",19,2012-12-28,2528892.48186747
"964",19,2013-01-04,1289867.03686747
"965",19,2013-01-11,1195082.73186747
"966",19,2013-01-18,1131411.15186747
"967",19,2013-01-25,1174745.82186747
"968",19,2013-02-01,1231613.91186747
"969",19,2013-02-08,1340783.02582329
"970",19,2013-02-15,1421911.95915663
"971",19,2013-02-22,1398934.89582329
"972",19,2013-03-01,1273745.58915663
"973",19,2013-03-08,1345743.06915663
"974",19,2013-03-15,1325664.74582329
"975",19,2013-03-22,1234199.98915663
"976",19,2013-03-29,1278227.02915663
"977",19,2013-04-05,1358299.32915663
"978",19,2013-04-12,1446700.35248996
"979",19,2013-04-19,1338794.77248996
"980",19,2013-04-26,1341669.18582329
"981",19,2013-05-03,1262346.21915663
"982",19,2013-05-10,1407339.76915663
"983",19,2013-05-17,1369391.29248996
"984",19,2013-05-24,1299575.23915663
"985",19,2013-05-31,1440604.71915663
"986",19,2013-06-07,1408643.55915663
"987",19,2013-06-14,1355705.94248996
"988",19,2013-06-21,1371796.43582329
"989",19,2013-06-28,1386127.17582329
"990",19,2013-07-05,1396747.13582329
"991",19,2013-07-12,1466329.85915663
"992",19,2013-07-19,1308105.64248996
"993",19,2013-07-26,1288558.07582329
"994",19,2013-08-02,1237641.77915663
"995",19,2013-08-09,1347330.45582329
"996",19,2013-08-16,1328914.18915663
"997",19,2013-08-23,1328371.76248996
"998",19,2013-08-30,1483036.30582329
"999",19,2013-09-06,1525009.55915663
"1000",19,2013-09-13,1484692.71582329
"1001",19,2013-09-20,1307304.79915663
"1002",19,2013-09-27,1252043.25915663
"1003",19,2013-10-04,1282450.22915663
"1004",19,2013-10-11,1365844.61248996
"1005",19,2013-10-18,1279956.93582329
"1006",19,2013-10-25,1283986.10248996
"1007",19,2013-11-01,1316776.98144578
"1008",20,2012-11-02,2041525.23346386
"1009",20,2012-11-09,2297118.09346386
"1010",20,2012-11-16,2291777.03846386
"1011",20,2012-11-23,2200402.83846386
"1012",20,2012-11-30,2921840.11846386
"1013",20,2012-12-07,2420320.47346386
"1014",20,2012-12-14,2712029.40346386
"1015",20,2012-12-21,2853911.38346386
"1016",20,2012-12-28,3723935.70346386
"1017",20,2013-01-04,1984397.86846386
"1018",20,2013-01-11,1966772.91846386
"1019",20,2013-01-18,1960834.29846386
"1020",20,2013-01-25,1900197.27346386
"1021",20,2013-02-01,1824168.06846386
"1022",20,2013-02-08,2402562.54461847
"1023",20,2013-02-15,2345033.40461848
"1024",20,2013-02-22,2326939.01795181
"1025",20,2013-03-01,2044755.30461848
"1026",20,2013-03-08,2221028.99461847
"1027",20,2013-03-15,2130932.96795181
"1028",20,2013-03-22,2066711.55795181
"1029",20,2013-03-29,1987839.00461847
"1030",20,2013-04-05,2219911.98128514
"1031",20,2013-04-12,2283912.82128514
"1032",20,2013-04-19,2113404.29128514
"1033",20,2013-04-26,2109592.65461848
"1034",20,2013-05-03,1979657.07461847
"1035",20,2013-05-10,2214392.53461848
"1036",20,2013-05-17,2163227.71795181
"1037",20,2013-05-24,2046000.37128514
"1038",20,2013-05-31,2125677.67128514
"1039",20,2013-06-07,2260206.17461848
"1040",20,2013-06-14,2239713.28461848
"1041",20,2013-06-21,2191293.69461848
"1042",20,2013-06-28,2078725.59128514
"1043",20,2013-07-05,2168140.22795181
"1044",20,2013-07-12,2280251.61128514
"1045",20,2013-07-19,2152677.97461847
"1046",20,2013-07-26,2024412.30795181
"1047",20,2013-08-02,1992507.50128514
"1048",20,2013-08-09,2148557.53795181
"1049",20,2013-08-16,2173046.71128514
"1050",20,2013-08-23,2087359.86795181
"1051",20,2013-08-30,2045638.03128514
"1052",20,2013-09-06,2192478.28128514
"1053",20,2013-09-13,2132550.76795181
"1054",20,2013-09-20,2075648.37128514
"1055",20,2013-09-27,1986006.82795181
"1056",20,2013-10-04,2046501.31461847
"1057",20,2013-10-11,2231469.94795181
"1058",20,2013-10-18,2125120.44128514
"1059",20,2013-10-25,2083062.18461847
"1060",20,2013-11-01,2083462.88243976
"1061",21,2012-11-02,710534.483674699
"1062",21,2012-11-09,718873.7236747
"1063",21,2012-11-16,721833.283674699
"1064",21,2012-11-23,721901.648674699
"1065",21,2012-11-30,1207696.1636747
"1066",21,2012-12-07,786447.648674699
"1067",21,2012-12-14,896069.543674699
"1068",21,2012-12-21,1062820.8286747
"1069",21,2012-12-28,1461155.1336747
"1070",21,2013-01-04,713882.953674699
"1071",21,2013-01-11,609917.1186747
"1072",21,2013-01-18,616235.348674699
"1073",21,2013-01-25,632810.123674699
"1074",21,2013-02-01,605818.658674699
"1075",21,2013-02-08,658846.061566267
"1076",21,2013-02-15,750961.124899599
"1077",21,2013-02-22,829216.441566266
"1078",21,2013-03-01,722003.598232932
"1079",21,2013-03-08,736369.358232932
"1080",21,2013-03-15,710625.941566266
"1081",21,2013-03-22,729659.318232932
"1082",21,2013-03-29,690323.151566266
"1083",21,2013-04-05,703839.961566266
"1084",21,2013-04-12,719640.501566266
"1085",21,2013-04-19,718245.411566266
"1086",21,2013-04-26,718647.381566266
"1087",21,2013-05-03,679871.218232932
"1088",21,2013-05-10,687504.568232932
"1089",21,2013-05-17,676247.584899599
"1090",21,2013-05-24,699917.691566266
"1091",21,2013-05-31,707831.981566266
"1092",21,2013-06-07,725443.841566266
"1093",21,2013-06-14,729199.931566266
"1094",21,2013-06-21,745458.131566266
"1095",21,2013-06-28,726006.121566266
"1096",21,2013-07-05,704483.981566266
"1097",21,2013-07-12,680930.364899599
"1098",21,2013-07-19,684180.851566266
"1099",21,2013-07-26,714171.704899599
"1100",21,2013-08-02,681944.388232932
"1101",21,2013-08-09,705893.521566266
"1102",21,2013-08-16,723931.731566266
"1103",21,2013-08-23,785794.741566266
"1104",21,2013-08-30,793338.114899599
"1105",21,2013-09-06,699399.608232932
"1106",21,2013-09-13,623957.794899599
"1107",21,2013-09-20,622453.988232932
"1108",21,2013-09-27,640584.481566266
"1109",21,2013-10-04,625742.384899599
"1110",21,2013-10-11,632267.164899599
"1111",21,2013-10-18,639611.854899599
"1112",21,2013-10-25,660691.094899599
"1113",21,2013-11-01,694034.589457832
"1114",22,2012-11-02,1059733.60888554
"1115",22,2012-11-09,1053906.50888554
"1116",22,2012-11-16,1044894.09888554
"1117",22,2012-11-23,993912.573885541
"1118",22,2012-11-30,1547354.50888554
"1119",22,2012-12-07,1196242.49388554
"1120",22,2012-12-14,1335259.77388554
"1121",22,2012-12-21,1487592.79388554
"1122",22,2012-12-28,1909994.99388554
"1123",22,2013-01-04,875636.343885542
"1124",22,2013-01-11,881831.083885541
"1125",22,2013-01-18,828661.178885542
"1126",22,2013-01-25,873188.863885542
"1127",22,2013-02-01,790088.823885541
"1128",22,2013-02-08,975421.54518072
"1129",22,2013-02-15,1018308.06184739
"1130",22,2013-02-22,985960.138514056
"1131",22,2013-03-01,904221.465180722
"1132",22,2013-03-08,990039.858514056
"1133",22,2013-03-15,963866.715180722
"1134",22,2013-03-22,949350.251847389
"1135",22,2013-03-29,975692.148514055
"1136",22,2013-04-05,1027799.27518072
"1137",22,2013-04-12,1062801.98518072
"1138",22,2013-04-19,979114.161847389
"1139",22,2013-04-26,1037139.25851406
"1140",22,2013-05-03,938351.778514056
"1141",22,2013-05-10,1026277.06184739
"1142",22,2013-05-17,987237.078514056
"1143",22,2013-05-24,975198.758514056
"1144",22,2013-05-31,1053768.21851406
"1145",22,2013-06-07,1104088.31851406
"1146",22,2013-06-14,1057299.28851406
"1147",22,2013-06-21,1048422.52851406
"1148",22,2013-06-28,1069584.12184739
"1149",22,2013-07-05,1080110.56851406
"1150",22,2013-07-12,1065396.52851406
"1151",22,2013-07-19,970135.491847389
"1152",22,2013-07-26,973158.301847389
"1153",22,2013-08-02,943387.358514055
"1154",22,2013-08-09,996505.155180722
"1155",22,2013-08-16,982462.651847389
"1156",22,2013-08-23,986674.048514056
"1157",22,2013-08-30,1104280.51851406
"1158",22,2013-09-06,999422.678514056
"1159",22,2013-09-13,971312.091847389
"1160",22,2013-09-20,920818.145180722
"1161",22,2013-09-27,904308.355180722
"1162",22,2013-10-04,941493.125180722
"1163",22,2013-10-11,1002358.06184739
"1164",22,2013-10-18,963825.718514056
"1165",22,2013-10-25,969764.075180723
"1166",22,2013-11-01,1057850.0314759
"1167",23,2012-11-02,2041525.23346386
"1168",23,2012-11-09,2297118.09346386
"1169",23,2012-11-16,2291777.03846386
"1170",23,2012-11-23,2200402.83846386
"1171",23,2012-11-30,2921840.11846386
"1172",23,2012-12-07,2420320.47346386
"1173",23,2012-12-14,2712029.40346386
"1174",23,2012-12-21,2853911.38346386
"1175",23,2012-12-28,3723935.70346386
"1176",23,2013-01-04,1984397.86846386
"1177",23,2013-01-11,1966772.91846386
"1178",23,2013-01-18,1960834.29846386
"1179",23,2013-01-25,1900197.27346386
"1180",23,2013-02-01,1824168.06846386
"1181",23,2013-02-08,2402562.54461847
"1182",23,2013-02-15,2345033.40461848
"1183",23,2013-02-22,2326939.01795181
"1184",23,2013-03-01,2044755.30461848
"1185",23,2013-03-08,2221028.99461847
"1186",23,2013-03-15,2130932.96795181
"1187",23,2013-03-22,2066711.55795181
"1188",23,2013-03-29,1987839.00461847
"1189",23,2013-04-05,2219911.98128514
"1190",23,2013-04-12,2283912.82128514
"1191",23,2013-04-19,2113404.29128514
"1192",23,2013-04-26,2109592.65461848
"1193",23,2013-05-03,1979657.07461847
"1194",23,2013-05-10,2214392.53461848
"1195",23,2013-05-17,2163227.71795181
"1196",23,2013-05-24,2046000.37128514
"1197",23,2013-05-31,2125677.67128514
"1198",23,2013-06-07,2260206.17461848
"1199",23,2013-06-14,2239713.28461848
"1200",23,2013-06-21,2191293.69461848
"1201",23,2013-06-28,2078725.59128514
"1202",23,2013-07-05,2168140.22795181
"1203",23,2013-07-12,2280251.61128514
"1204",23,2013-07-19,2152677.97461847
"1205",23,2013-07-26,2024412.30795181
"1206",23,2013-08-02,1992507.50128514
"1207",23,2013-08-09,2148557.53795181
"1208",23,2013-08-16,2173046.71128514
"1209",23,2013-08-23,2087359.86795181
"1210",23,2013-08-30,2045638.03128514
"1211",23,2013-09-06,2192478.28128514
"1212",23,2013-09-13,2132550.76795181
"1213",23,2013-09-20,2075648.37128514
"1214",23,2013-09-27,1986006.82795181
"1215",23,2013-10-04,2046501.31461847
"1216",23,2013-10-11,2231469.94795181
"1217",23,2013-10-18,2125120.44128514
"1218",23,2013-10-25,2083062.18461847
"1219",23,2013-11-01,2083462.88243976
"1220",24,2012-11-02,1268296.42259036
"1221",24,2012-11-09,1327871.27259036
"1222",24,2012-11-16,1361239.87759036
"1223",24,2012-11-23,1279605.22259036
"1224",24,2012-11-30,1762518.16759036
"1225",24,2012-12-07,1366736.97759036
"1226",24,2012-12-14,1553576.22259036
"1227",24,2012-12-21,1636522.17759036
"1228",24,2012-12-28,2269442.06759036
"1229",24,2013-01-04,1278548.68259036
"1230",24,2013-01-11,1207373.87759036
"1231",24,2013-01-18,1153929.27759036
"1232",24,2013-01-25,1121844.19759036
"1233",24,2013-02-01,1084367.95259036
"1234",24,2013-02-08,1277550.98345381
"1235",24,2013-02-15,1375952.30012048
"1236",24,2013-02-22,1346977.00012048
"1237",24,2013-03-01,1222041.84345381
"1238",24,2013-03-08,1314141.53345381
"1239",24,2013-03-15,1285814.29012048
"1240",24,2013-03-22,1199751.99345381
"1241",24,2013-03-29,1202592.31012048
"1242",24,2013-04-05,1280426.33345381
"1243",24,2013-04-12,1382344.18345381
"1244",24,2013-04-19,1256225.18345381
"1245",24,2013-04-26,1271434.87345381
"1246",24,2013-05-03,1207007.10678715
"1247",24,2013-05-10,1341645.13345381
"1248",24,2013-05-17,1327724.53678715
"1249",24,2013-05-24,1261874.22012048
"1250",24,2013-05-31,1387322.58345381
"1251",24,2013-06-07,1519425.67678715
"1252",24,2013-06-14,1374887.18678715
"1253",24,2013-06-21,1336007.23345381
"1254",24,2013-06-28,1369227.45345381
"1255",24,2013-07-05,1468967.58678715
"1256",24,2013-07-12,1615662.89345382
"1257",24,2013-07-19,1383386.69678715
"1258",24,2013-07-26,1351586.63345381
"1259",24,2013-08-02,1324959.38012048
"1260",24,2013-08-09,1423286.17678715
"1261",24,2013-08-16,1417721.62678715
"1262",24,2013-08-23,1364788.75678715
"1263",24,2013-08-30,1341735.43012048
"1264",24,2013-09-06,1292031.42345381
"1265",24,2013-09-13,1482712.28012048
"1266",24,2013-09-20,1237596.42345381
"1267",24,2013-09-27,1210665.51345381
"1268",24,2013-10-04,1229947.49345381
"1269",24,2013-10-11,1384542.72678715
"1270",24,2013-10-18,1339823.75012048
"1271",24,2013-10-25,1247633.97012048
"1272",24,2013-11-01,1263137.8076506
"1273",25,2012-11-02,700377.188644578
"1274",25,2012-11-09,708280.258644578
"1275",25,2012-11-16,717168.763644578
"1276",25,2012-11-23,724217.353644578
"1277",25,2012-11-30,1116652.18864458
"1278",25,2012-12-07,882869.953644578
"1279",25,2012-12-14,941513.788644578
"1280",25,2012-12-21,1023531.21864458
"1281",25,2012-12-28,1293888.26864458
"1282",25,2013-01-04,654305.143644578
"1283",25,2013-01-11,598533.063644578
"1284",25,2013-01-18,594488.758644578
"1285",25,2013-01-25,582345.418644578
"1286",25,2013-02-01,595927.678644578
"1287",25,2013-02-08,654514.411526105
"1288",25,2013-02-15,620573.311526104
"1289",25,2013-02-22,656230.158192771
"1290",25,2013-03-01,605512.904859437
"1291",25,2013-03-08,651174.294859438
"1292",25,2013-03-15,635954.888192771
"1293",25,2013-03-22,635032.834859437
"1294",25,2013-03-29,663182.791526104
"1295",25,2013-04-05,709639.278192771
"1296",25,2013-04-12,718771.918192771
"1297",25,2013-04-19,684090.121526104
"1298",25,2013-04-26,705463.791526104
"1299",25,2013-05-03,671677.031526104
"1300",25,2013-05-10,694680.664859438
"1301",25,2013-05-17,708809.338192771
"1302",25,2013-05-24,700998.831526104
"1303",25,2013-05-31,765964.084859437
"1304",25,2013-06-07,733392.628192771
"1305",25,2013-06-14,737127.258192771
"1306",25,2013-06-21,751794.671526104
"1307",25,2013-06-28,720715.298192771
"1308",25,2013-07-05,729403.431526104
"1309",25,2013-07-12,725070.358192771
"1310",25,2013-07-19,708435.591526104
"1311",25,2013-07-26,675175.741526104
"1312",25,2013-08-02,671109.814859437
"1313",25,2013-08-09,697533.264859437
"1314",25,2013-08-16,689134.864859437
"1315",25,2013-08-23,715210.344859437
"1316",25,2013-08-30,732705.631526104
"1317",25,2013-09-06,701337.521526104
"1318",25,2013-09-13,668082.694859438
"1319",25,2013-09-20,639552.241526104
"1320",25,2013-09-27,632385.071526104
"1321",25,2013-10-04,661601.991526104
"1322",25,2013-10-11,683016.071526104
"1323",25,2013-10-18,654677.451526104
"1324",25,2013-10-25,680518.764859438
"1325",25,2013-11-01,700994.647740964
"1326",26,2012-11-02,955083.288222892
"1327",26,2012-11-09,1001007.48822289
"1328",26,2012-11-16,1045836.42822289
"1329",26,2012-11-23,945452.103222892
"1330",26,2012-11-30,1305996.69322289
"1331",26,2012-12-07,1035740.92322289
"1332",26,2012-12-14,1170719.60822289
"1333",26,2012-12-21,1222230.43822289
"1334",26,2012-12-28,1565998.59822289
"1335",26,2013-01-04,946471.213222892
"1336",26,2013-01-11,976273.273222892
"1337",26,2013-01-18,845734.328222892
"1338",26,2013-01-25,845712.213222892
"1339",26,2013-02-01,840192.373222892
"1340",26,2013-02-08,990254.637630524
"1341",26,2013-02-15,1064360.08096386
"1342",26,2013-02-22,1010931.58763052
"1343",26,2013-03-01,923095.784297189
"1344",26,2013-03-08,997544.640963856
"1345",26,2013-03-15,1008081.69429719
"1346",26,2013-03-22,931991.834297189
"1347",26,2013-03-29,906883.217630523
"1348",26,2013-04-05,962259.557630522
"1349",26,2013-04-12,1070010.76096386
"1350",26,2013-04-19,914721.407630523
"1351",26,2013-04-26,937636.977630523
"1352",26,2013-05-03,925200.857630522
"1353",26,2013-05-10,1043836.89429719
"1354",26,2013-05-17,1020633.53429719
"1355",26,2013-05-24,996287.300963856
"1356",26,2013-05-31,1073188.44763052
"1357",26,2013-06-07,1053063.17429719
"1358",26,2013-06-14,1119925.84429719
"1359",26,2013-06-21,1032620.26096386
"1360",26,2013-06-28,1038559.78763052
"1361",26,2013-07-05,1095148.14763052
"1362",26,2013-07-12,1174104.59763052
"1363",26,2013-07-19,1066171.87763052
"1364",26,2013-07-26,1041596.25096386
"1365",26,2013-08-02,1042703.11763052
"1366",26,2013-08-09,1136492.24096386
"1367",26,2013-08-16,1102246.24429719
"1368",26,2013-08-23,1061041.36763052
"1369",26,2013-08-30,1050107.92429719
"1370",26,2013-09-06,1072289.26429719
"1371",26,2013-09-13,1093163.57763052
"1372",26,2013-09-20,982284.970963856
"1373",26,2013-09-27,946348.137630522
"1374",26,2013-10-04,977655.610963856
"1375",26,2013-10-11,1104092.06763052
"1376",26,2013-10-18,1018720.69763052
"1377",26,2013-10-25,984229.130963856
"1378",26,2013-11-01,969363.19370482
"1379",27,2012-11-02,1597936.47078313
"1380",27,2012-11-09,1551832.18578313
"1381",27,2012-11-16,1712641.68578313
"1382",27,2012-11-23,1612535.11578313
"1383",27,2012-11-30,2464428.25578313
"1384",27,2012-12-07,1743906.73078313
"1385",27,2012-12-14,1975472.35578313
"1386",27,2012-12-21,2176281.63578313
"1387",27,2012-12-28,2806863.44078313
"1388",27,2013-01-04,1444056.32578313
"1389",27,2013-01-11,1449995.96578313
"1390",27,2013-01-18,1410626.40078313
"1391",27,2013-01-25,1427853.00078313
"1392",27,2013-02-01,1240595.73078313
"1393",27,2013-02-08,1553242.23437751
"1394",27,2013-02-15,1542094.31437751
"1395",27,2013-02-22,1617915.72771084
"1396",27,2013-03-01,1440520.82437751
"1397",27,2013-03-08,1357424.52771084
"1398",27,2013-03-15,1579602.13437751
"1399",27,2013-03-22,1518080.45104418
"1400",27,2013-03-29,1535098.45437751
"1401",27,2013-04-05,1630468.49771084
"1402",27,2013-04-12,1712587.25104418
"1403",27,2013-04-19,1609390.62771084
"1404",27,2013-04-26,1668316.84104418
"1405",27,2013-05-03,1535516.20771084
"1406",27,2013-05-10,1652993.11771084
"1407",27,2013-05-17,1624469.17104418
"1408",27,2013-05-24,1620704.35437751
"1409",27,2013-05-31,1731729.55771084
"1410",27,2013-06-07,1873513.10104418
"1411",27,2013-06-14,1683191.35104418
"1412",27,2013-06-21,1689504.34104418
"1413",27,2013-06-28,1735018.35104418
"1414",27,2013-07-05,1803394.48437751
"1415",27,2013-07-12,1924844.43437751
"1416",27,2013-07-19,1663942.35437751
"1417",27,2013-07-26,1629044.64104418
"1418",27,2013-08-02,1593447.46771084
"1419",27,2013-08-09,1651409.05104418
"1420",27,2013-08-16,1645500.48104418
"1421",27,2013-08-23,1682404.46437751
"1422",27,2013-08-30,1759539.48437751
"1423",27,2013-09-06,1581617.98771084
"1424",27,2013-09-13,1753003.66104418
"1425",27,2013-09-20,1452148.98771084
"1426",27,2013-09-27,1451262.41437751
"1427",27,2013-10-04,1425645.60771084
"1428",27,2013-10-11,1521636.37437751
"1429",27,2013-10-18,1554737.36771084
"1430",27,2013-10-25,1532330.35771084
"1431",27,2013-11-01,1530118.15463856
"1432",28,2012-11-02,1223388.49123494
"1433",28,2012-11-09,1525330.18623494
"1434",28,2012-11-16,1320728.92123494
"1435",28,2012-11-23,1203369.69123494
"1436",28,2012-11-30,1919557.10623494
"1437",28,2012-12-07,1394194.54123494
"1438",28,2012-12-14,1452765.61623494
"1439",28,2012-12-21,1456370.36123494
"1440",28,2012-12-28,1897286.17123494
"1441",28,2013-01-04,1166468.77123494
"1442",28,2013-01-11,1420645.49123494
"1443",28,2013-01-18,1115909.67123494
"1444",28,2013-01-25,1090776.01623494
"1445",28,2013-02-01,1116575.30623494
"1446",28,2013-02-08,1571177.97831325
"1447",28,2013-02-15,1491306.96831325
"1448",28,2013-02-22,1484105.93497992
"1449",28,2013-03-01,1374047.67831325
"1450",28,2013-03-08,1576199.27164659
"1451",28,2013-03-15,1444387.46831325
"1452",28,2013-03-22,1282931.17164659
"1453",28,2013-03-29,1202357.59497992
"1454",28,2013-04-05,1310868.93497992
"1455",28,2013-04-12,1433783.46164659
"1456",28,2013-04-19,1247912.18831325
"1457",28,2013-04-26,1222370.43164659
"1458",28,2013-05-03,1174826.65497992
"1459",28,2013-05-10,1481365.77831325
"1460",28,2013-05-17,1236158.36497992
"1461",28,2013-05-24,1175733.78497992
"1462",28,2013-05-31,1144177.17497992
"1463",28,2013-06-07,1379207.70164659
"1464",28,2013-06-14,1358113.52497992
"1465",28,2013-06-21,1236856.13497992
"1466",28,2013-06-28,1188396.94831325
"1467",28,2013-07-05,1264243.86164659
"1468",28,2013-07-12,1415166.04831325
"1469",28,2013-07-19,1182436.48831325
"1470",28,2013-07-26,1155289.29497992
"1471",28,2013-08-02,1114818.32497992
"1472",28,2013-08-09,1456059.08497992
"1473",28,2013-08-16,1217083.77497992
"1474",28,2013-08-23,1174933.54497992
"1475",28,2013-08-30,1167353.30164659
"1476",28,2013-09-06,1388028.61164659
"1477",28,2013-09-13,1323509.34831325
"1478",28,2013-09-20,1129456.70164659
"1479",28,2013-09-27,1100309.40164659
"1480",28,2013-10-04,1132668.55497992
"1481",28,2013-10-11,1433170.78831325
"1482",28,2013-10-18,1176423.17497992
"1483",28,2013-10-25,1137400.24497992
"1484",28,2013-11-01,1214169.30539157
"1485",29,2012-11-02,516506.135451807
"1486",29,2012-11-09,566286.365451807
"1487",29,2012-11-16,523442.680451807
"1488",29,2012-11-23,501804.940451807
"1489",29,2012-11-30,939634.070451807
"1490",29,2012-12-07,606693.395451807
"1491",29,2012-12-14,668954.655451807
"1492",29,2012-12-21,789088.975451807
"1493",29,2012-12-28,1069199.11045181
"1494",29,2013-01-04,504284.555451807
"1495",29,2013-01-11,458280.035451807
"1496",29,2013-01-18,431247.835451807
"1497",29,2013-01-25,441415.750451807
"1498",29,2013-02-01,398624.125451807
"1499",29,2013-02-08,505862.927269075
"1500",29,2013-02-15,535856.287269076
"1501",29,2013-02-22,542067.757269076
"1502",29,2013-03-01,480842.823935743
"1503",29,2013-03-08,517863.127269076
"1504",29,2013-03-15,499630.457269076
"1505",29,2013-03-22,487155.610602409
"1506",29,2013-03-29,510278.317269076
"1507",29,2013-04-05,520492.957269076
"1508",29,2013-04-12,563578.730602409
"1509",29,2013-04-19,509836.24060241
"1510",29,2013-04-26,533817.007269076
"1511",29,2013-05-03,491003.470602409
"1512",29,2013-05-10,529833.933935743
"1513",29,2013-05-17,526622.617269076
"1514",29,2013-05-24,506776.150602409
"1515",29,2013-05-31,553232.350602409
"1516",29,2013-06-07,581396.553935743
"1517",29,2013-06-14,544969.750602409
"1518",29,2013-06-21,543217.583935743
"1519",29,2013-06-28,564813.180602409
"1520",29,2013-07-05,562070.12060241
"1521",29,2013-07-12,557178.663935743
"1522",29,2013-07-19,504638.667269076
"1523",29,2013-07-26,500737.093935743
"1524",29,2013-08-02,480450.717269076
"1525",29,2013-08-09,503232.373935743
"1526",29,2013-08-16,488959.000602409
"1527",29,2013-08-23,476081.977269076
"1528",29,2013-08-30,583585.113935743
"1529",29,2013-09-06,534623.760602409
"1530",29,2013-09-13,506392.34060241
"1531",29,2013-09-20,464892.50060241
"1532",29,2013-09-27,470594.03060241
"1533",29,2013-10-04,464185.527269076
"1534",29,2013-10-11,515784.313935743
"1535",29,2013-10-18,484731.073935743
"1536",29,2013-10-25,502955.57060241
"1537",29,2013-11-01,513450.815753012
"1538",30,2012-11-02,418070.833283133
"1539",30,2012-11-09,444338.153283133
"1540",30,2012-11-16,406304.333283133
"1541",30,2012-11-23,415912.858283133
"1542",30,2012-11-30,443275.843283133
"1543",30,2012-12-07,395576.683283133
"1544",30,2012-12-14,418514.163283133
"1545",30,2012-12-21,429126.378283133
"1546",30,2012-12-28,491516.478283133
"1547",30,2013-01-04,373031.933283133
"1548",30,2013-01-11,439881.733283133
"1549",30,2013-01-18,442044.013283133
"1550",30,2013-01-25,424774.318283133
"1551",30,2013-02-01,415341.048283133
"1552",30,2013-02-08,444490.334377511
"1553",30,2013-02-15,454324.197710844
"1554",30,2013-02-22,419667.891044177
"1555",30,2013-03-01,424515.061044177
"1556",30,2013-03-08,432625.727710843
"1557",30,2013-03-15,432216.141044177
"1558",30,2013-03-22,409378.481044177
"1559",30,2013-03-29,415915.041044177
"1560",30,2013-04-05,429575.18437751
"1561",30,2013-04-12,434504.391044177
"1562",30,2013-04-19,423272.191044177
"1563",30,2013-04-26,438011.107710843
"1564",30,2013-05-03,418961.05437751
"1565",30,2013-05-10,431487.26437751
"1566",30,2013-05-17,421954.641044177
"1567",30,2013-05-24,431703.32437751
"1568",30,2013-05-31,428148.89437751
"1569",30,2013-06-07,420494.717710843
"1570",30,2013-06-14,416920.31437751
"1571",30,2013-06-21,421680.861044177
"1572",30,2013-06-28,415930.467710843
"1573",30,2013-07-05,415207.681044177
"1574",30,2013-07-12,413307.327710844
"1575",30,2013-07-19,406511.82437751
"1576",30,2013-07-26,411578.307710844
"1577",30,2013-08-02,406677.227710843
"1578",30,2013-08-09,413884.347710844
"1579",30,2013-08-16,410191.271044177
"1580",30,2013-08-23,409417.451044177
"1581",30,2013-08-30,400121.017710843
"1582",30,2013-09-06,404571.531044177
"1583",30,2013-09-13,400979.101044177
"1584",30,2013-09-20,408685.651044177
"1585",30,2013-09-27,409144.05437751
"1586",30,2013-10-04,400399.087710843
"1587",30,2013-10-11,423223.657710843
"1588",30,2013-10-18,414186.64437751
"1589",30,2013-10-25,423146.117710844
"1590",30,2013-11-01,408622.632138554
"1591",31,2012-11-02,1354618.82442771
"1592",31,2012-11-09,1427657.41442771
"1593",31,2012-11-16,1451009.02442771
"1594",31,2012-11-23,1454393.50442771
"1595",31,2012-11-30,1948704.67942771
"1596",31,2012-12-07,1415989.72442771
"1597",31,2012-12-14,1568468.84442771
"1598",31,2012-12-21,1715158.62942771
"1599",31,2012-12-28,2099786.37942771
"1600",31,2013-01-04,1328965.59942771
"1601",31,2013-01-11,1408836.51942771
"1602",31,2013-01-18,1416334.53942771
"1603",31,2013-01-25,1410562.83942771
"1604",31,2013-02-01,1309675.40442771
"1605",31,2013-02-08,1504281.90590361
"1606",31,2013-02-15,1606591.14257028
"1607",31,2013-02-22,1597390.49257028
"1608",31,2013-03-01,1437161.09923695
"1609",31,2013-03-08,1478126.73590361
"1610",31,2013-03-15,1473236.14590361
"1611",31,2013-03-22,1482818.48590361
"1612",31,2013-03-29,1387134.68923695
"1613",31,2013-04-05,1410084.30923695
"1614",31,2013-04-12,1505859.12257028
"1615",31,2013-04-19,1464220.85590361
"1616",31,2013-04-26,1452601.19923695
"1617",31,2013-05-03,1364865.91590361
"1618",31,2013-05-10,1456905.66257028
"1619",31,2013-05-17,1432417.38923695
"1620",31,2013-05-24,1458383.96923695
"1621",31,2013-05-31,1419237.45590361
"1622",31,2013-06-07,1490465.39590361
"1623",31,2013-06-14,1484861.59590361
"1624",31,2013-06-21,1499679.98257028
"1625",31,2013-06-28,1427486.41590361
"1626",31,2013-07-05,1413901.24590361
"1627",31,2013-07-12,1468409.86257028
"1628",31,2013-07-19,1444705.42257028
"1629",31,2013-07-26,1426426.37923695
"1630",31,2013-08-02,1350918.31590361
"1631",31,2013-08-09,1460158.77923695
"1632",31,2013-08-16,1455470.23923695
"1633",31,2013-08-23,1494400.91257028
"1634",31,2013-08-30,1444193.18590361
"1635",31,2013-09-06,1423458.43257028
"1636",31,2013-09-13,1417289.40257028
"1637",31,2013-09-20,1398059.53590361
"1638",31,2013-09-27,1386610.05257028
"1639",31,2013-10-04,1329168.08590361
"1640",31,2013-10-11,1433262.42257028
"1641",31,2013-10-18,1418071.10923695
"1642",31,2013-10-25,1419745.81257028
"1643",31,2013-11-01,1389436.70737952
"1644",32,2012-11-02,1205157.33813253
"1645",32,2012-11-09,1188734.34813253
"1646",32,2012-11-16,1216768.15813253
"1647",32,2012-11-23,1221082.82313253
"1648",32,2012-11-30,1714444.36313253
"1649",32,2012-12-07,1245225.32313253
"1650",32,2012-12-14,1451426.92313253
"1651",32,2012-12-21,1611789.10813253
"1652",32,2012-12-28,2009247.15313253
"1653",32,2013-01-04,1083807.84813253
"1654",32,2013-01-11,1128068.81313253
"1655",32,2013-01-18,1104794.53813253
"1656",32,2013-01-25,1134072.57813253
"1657",32,2013-02-01,1084231.82813253
"1658",32,2013-02-08,1178156.23751004
"1659",32,2013-02-15,1198971.53084337
"1660",32,2013-02-22,1243156.21417671
"1661",32,2013-03-01,1139797.63417671
"1662",32,2013-03-08,1182105.22084337
"1663",32,2013-03-15,1179627.98751004
"1664",32,2013-03-22,1172738.95751004
"1665",32,2013-03-29,1170313.89084337
"1666",32,2013-04-05,1170369.74751004
"1667",32,2013-04-12,1229670.07751004
"1668",32,2013-04-19,1198224.76417671
"1669",32,2013-04-26,1208017.34417671
"1670",32,2013-05-03,1173606.01084337
"1671",32,2013-05-10,1240801.35751004
"1672",32,2013-05-17,1208032.25417671
"1673",32,2013-05-24,1228670.74417671
"1674",32,2013-05-31,1277820.99084337
"1675",32,2013-06-07,1231372.72084337
"1676",32,2013-06-14,1299235.42751004
"1677",32,2013-06-21,1265517.01751004
"1678",32,2013-06-28,1235027.26084337
"1679",32,2013-07-05,1261871.38417671
"1680",32,2013-07-12,1207083.52417671
"1681",32,2013-07-19,1208393.19084337
"1682",32,2013-07-26,1227548.77751004
"1683",32,2013-08-02,1199936.37084337
"1684",32,2013-08-09,1249795.33084337
"1685",32,2013-08-16,1270603.01084337
"1686",32,2013-08-23,1297360.27084337
"1687",32,2013-08-30,1272206.48751004
"1688",32,2013-09-06,1217199.23084337
"1689",32,2013-09-13,1167709.01751004
"1690",32,2013-09-20,1187469.16417671
"1691",32,2013-09-27,1187420.13417671
"1692",32,2013-10-04,1175571.03417671
"1693",32,2013-10-11,1219091.70417671
"1694",32,2013-10-18,1222787.62084337
"1695",32,2013-10-25,1224101.40417671
"1696",32,2013-11-01,1241752.07355422
"1697",33,2012-11-02,219344.806385542
"1698",33,2012-11-09,238056.531385542
"1699",33,2012-11-16,269298.156385542
"1700",33,2012-11-23,234882.796385542
"1701",33,2012-11-30,244936.186385542
"1702",33,2012-12-07,211938.966385542
"1703",33,2012-12-14,258627.241385542
"1704",33,2012-12-21,246172.471385542
"1705",33,2012-12-28,249656.661385542
"1706",33,2013-01-04,214497.696385542
"1707",33,2013-01-11,252419.116385542
"1708",33,2013-01-18,266403.151385542
"1709",33,2013-01-25,241793.486385542
"1710",33,2013-02-01,230953.861385542
"1711",33,2013-02-08,250855.148514056
"1712",33,2013-02-15,280432.271847389
"1713",33,2013-02-22,267721.358514056
"1714",33,2013-03-01,252381.115180723
"1715",33,2013-03-08,257544.96184739
"1716",33,2013-03-15,286030.465180723
"1717",33,2013-03-22,265066.865180723
"1718",33,2013-03-29,245203.825180723
"1719",33,2013-04-05,248797.981847389
"1720",33,2013-04-12,286900.138514056
"1721",33,2013-04-19,294630.178514056
"1722",33,2013-04-26,253788.728514056
"1723",33,2013-05-03,253968.835180723
"1724",33,2013-05-10,280687.165180723
"1725",33,2013-05-17,298048.295180723
"1726",33,2013-05-24,266011.025180723
"1727",33,2013-05-31,256064.195180723
"1728",33,2013-06-07,259123.595180723
"1729",33,2013-06-14,280991.201847389
"1730",33,2013-06-21,262892.905180723
"1731",33,2013-06-28,249060.798514056
"1732",33,2013-07-05,242066.365180723
"1733",33,2013-07-12,275498.225180723
"1734",33,2013-07-19,273545.871847389
"1735",33,2013-07-26,244172.638514056
"1736",33,2013-08-02,234550.325180723
"1737",33,2013-08-09,250480.708514056
"1738",33,2013-08-16,275168.505180723
"1739",33,2013-08-23,243683.761847389
"1740",33,2013-08-30,232154.078514056
"1741",33,2013-09-06,233798.885180723
"1742",33,2013-09-13,276256.20184739
"1743",33,2013-09-20,257921.648514056
"1744",33,2013-09-27,235714.068514056
"1745",33,2013-10-04,228167.515180723
"1746",33,2013-10-11,260583.628514056
"1747",33,2013-10-18,267888.021847389
"1748",33,2013-10-25,236598.001847389
"1749",33,2013-11-01,217288.583975904
"1750",34,2012-11-02,979099.908584338
"1751",34,2012-11-09,1019378.08358434
"1752",34,2012-11-16,1022571.36358434
"1753",34,2012-11-23,988580.348584337
"1754",34,2012-11-30,1364457.21358434
"1755",34,2012-12-07,1032048.10858434
"1756",34,2012-12-14,1122373.42858434
"1757",34,2012-12-21,1226021.45858434
"1758",34,2012-12-28,1644123.06858434
"1759",34,2013-01-04,970731.988584337
"1760",34,2013-01-11,964166.858584338
"1761",34,2013-01-18,943103.688584337
"1762",34,2013-01-25,937883.183584337
"1763",34,2013-02-01,891505.023584338
"1764",34,2013-02-08,1005070.94144578
"1765",34,2013-02-15,1068535.84477912
"1766",34,2013-02-22,1105907.57811245
"1767",34,2013-03-01,985641.891445783
"1768",34,2013-03-08,1006718.05144578
"1769",34,2013-03-15,996425.611445783
"1770",34,2013-03-22,1017757.30144578
"1771",34,2013-03-29,965489.304779117
"1772",34,2013-04-05,983402.651445783
"1773",34,2013-04-12,1054956.08477912
"1774",34,2013-04-19,1000070.34811245
"1775",34,2013-04-26,1029023.92144578
"1776",34,2013-05-03,947959.644779116
"1777",34,2013-05-10,1019379.10477912
"1778",34,2013-05-17,999155.501445783
"1779",34,2013-05-24,1001663.95144578
"1780",34,2013-05-31,1015867.22477912
"1781",34,2013-06-07,1012721.01477912
"1782",34,2013-06-14,1015263.15811245
"1783",34,2013-06-21,1013299.83144578
"1784",34,2013-06-28,989188.021445783
"1785",34,2013-07-05,973663.354779117
"1786",34,2013-07-12,997898.971445783
"1787",34,2013-07-19,978838.11811245
"1788",34,2013-07-26,971300.33811245
"1789",34,2013-08-02,931002.124779117
"1790",34,2013-08-09,1016868.68811245
"1791",34,2013-08-16,1019889.09144578
"1792",34,2013-08-23,1035692.06477912
"1793",34,2013-08-30,933586.684779117
"1794",34,2013-09-06,990661.314779117
"1795",34,2013-09-13,995615.504779117
"1796",34,2013-09-20,971863.544779117
"1797",34,2013-09-27,953707.811445783
"1798",34,2013-10-04,937956.70811245
"1799",34,2013-10-11,1000786.88477912
"1800",34,2013-10-18,965596.551445783
"1801",34,2013-10-25,1000395.65477912
"1802",34,2013-11-01,1003713.88430723
"1803",35,2012-11-02,656661.130843374
"1804",35,2012-11-09,571963.650843374
"1805",35,2012-11-16,699097.225843373
"1806",35,2012-11-23,657258.940843374
"1807",35,2012-11-30,1581196.40584337
"1808",35,2012-12-07,766454.170843374
"1809",35,2012-12-14,852124.305843374
"1810",35,2012-12-21,1038473.24084337
"1811",35,2012-12-28,1488076.99584337
"1812",35,2013-01-04,563843.015843373
"1813",35,2013-01-11,483850.635843373
"1814",35,2013-01-18,479754.660843374
"1815",35,2013-01-25,488227.770843373
"1816",35,2013-02-01,434358.100843374
"1817",35,2013-02-08,672832.814457831
"1818",35,2013-02-15,723753.161124498
"1819",35,2013-02-22,751313.257791165
"1820",35,2013-03-01,653405.534457831
"1821",35,2013-03-08,691012.257791165
"1822",35,2013-03-15,690234.664457831
"1823",35,2013-03-22,668217.197791165
"1824",35,2013-03-29,631720.834457831
"1825",35,2013-04-05,663369.987791164
"1826",35,2013-04-12,721689.234457831
"1827",35,2013-04-19,653895.011124498
"1828",35,2013-04-26,680224.307791165
"1829",35,2013-05-03,641124.674457831
"1830",35,2013-05-10,694241.507791165
"1831",35,2013-05-17,675408.004457831
"1832",35,2013-05-24,655874.761124498
"1833",35,2013-05-31,730020.037791165
"1834",35,2013-06-07,821149.311124498
"1835",35,2013-06-14,727454.931124498
"1836",35,2013-06-21,722772.297791165
"1837",35,2013-06-28,761582.057791165
"1838",35,2013-07-05,768607.077791165
"1839",35,2013-07-12,791790.371124498
"1840",35,2013-07-19,685810.237791164
"1841",35,2013-07-26,692192.151124498
"1842",35,2013-08-02,670463.021124498
"1843",35,2013-08-09,722209.107791165
"1844",35,2013-08-16,697425.017791165
"1845",35,2013-08-23,678464.727791165
"1846",35,2013-08-30,667803.964457832
"1847",35,2013-09-06,662277.724457832
"1848",35,2013-09-13,720788.944457831
"1849",35,2013-09-20,561737.074457832
"1850",35,2013-09-27,509860.677791165
"1851",35,2013-10-04,542749.627791165
"1852",35,2013-10-11,608574.704457832
"1853",35,2013-10-18,579428.747791165
"1854",35,2013-10-25,587241.917791165
"1855",35,2013-11-01,538895.608072289
"1856",36,2012-11-02,241372.188313253
"1857",36,2012-11-09,251571.893313253
"1858",36,2012-11-16,269100.013313253
"1859",36,2012-11-23,264206.978313253
"1860",36,2012-11-30,262799.673313253
"1861",36,2012-12-07,218756.453313253
"1862",36,2012-12-14,250369.853313253
"1863",36,2012-12-21,267807.463313253
"1864",36,2012-12-28,265626.178313253
"1865",36,2013-01-04,215316.088313253
"1866",36,2013-01-11,249011.988313253
"1867",36,2013-01-18,260185.188313253
"1868",36,2013-01-25,257007.283313253
"1869",36,2013-02-01,228757.683313253
"1870",36,2013-02-08,254614.641084337
"1871",36,2013-02-15,258199.804417671
"1872",36,2013-02-22,263855.134417671
"1873",36,2013-03-01,236287.314417671
"1874",36,2013-03-08,255324.201084337
"1875",36,2013-03-15,245136.174417671
"1876",36,2013-03-22,254467.547751004
"1877",36,2013-03-29,226945.217751004
"1878",36,2013-04-05,231194.147751004
"1879",36,2013-04-12,260187.747751004
"1880",36,2013-04-19,268628.884417671
"1881",36,2013-04-26,233466.484417671
"1882",36,2013-05-03,224930.284417671
"1883",36,2013-05-10,254344.517751004
"1884",36,2013-05-17,256787.11441767
"1885",36,2013-05-24,247898.387751004
"1886",36,2013-05-31,223198.801084337
"1887",36,2013-06-07,239530.324417671
"1888",36,2013-06-14,249319.737751004
"1889",36,2013-06-21,260426.487751004
"1890",36,2013-06-28,223031.144417671
"1891",36,2013-07-05,215948.654417671
"1892",36,2013-07-12,241183.237751004
"1893",36,2013-07-19,239574.51441767
"1894",36,2013-07-26,228138.257751004
"1895",36,2013-08-02,211416.344417671
"1896",36,2013-08-09,240414.424417671
"1897",36,2013-08-16,239121.871084337
"1898",36,2013-08-23,231205.771084337
"1899",36,2013-08-30,202451.031084337
"1900",36,2013-09-06,210670.277751004
"1901",36,2013-09-13,216317.734417671
"1902",36,2013-09-20,222496.191084337
"1903",36,2013-09-27,201116.927751004
"1904",36,2013-10-04,191850.14441767
"1905",36,2013-10-11,211806.651084337
"1906",36,2013-10-18,221138.201084337
"1907",36,2013-10-25,202914.101084337
"1908",36,2013-11-01,169337.623855422
"1909",37,2012-11-02,528094.086987952
"1910",37,2012-11-09,559977.926987952
"1911",37,2012-11-16,521581.151987952
"1912",37,2012-11-23,534983.041987952
"1913",37,2012-11-30,532560.796987952
"1914",37,2012-12-07,529838.891987952
"1915",37,2012-12-14,536389.436987952
"1916",37,2012-12-21,546268.856987952
"1917",37,2012-12-28,603474.106987952
"1918",37,2013-01-04,468003.071987952
"1919",37,2013-01-11,562577.211987952
"1920",37,2013-01-18,548092.566987952
"1921",37,2013-01-25,547363.861987952
"1922",37,2013-02-01,526067.886987952
"1923",37,2013-02-08,574653.272650603
"1924",37,2013-02-15,542700.715983936
"1925",37,2013-02-22,545662.715983936
"1926",37,2013-03-01,531921.522650603
"1927",37,2013-03-08,540360.255983936
"1928",37,2013-03-15,534418.889317269
"1929",37,2013-03-22,490601.935983936
"1930",37,2013-03-29,535821.599317269
"1931",37,2013-04-05,552399.029317269
"1932",37,2013-04-12,556857.719317269
"1933",37,2013-04-19,541329.179317269
"1934",37,2013-04-26,541877.002650602
"1935",37,2013-05-03,532756.709317269
"1936",37,2013-05-10,558251.125983936
"1937",37,2013-05-17,531248.139317269
"1938",37,2013-05-24,542533.582650603
"1939",37,2013-05-31,542882.475983936
"1940",37,2013-06-07,520027.255983936
"1941",37,2013-06-14,523065.602650603
"1942",37,2013-06-21,529386.935983936
"1943",37,2013-06-28,509140.675983936
"1944",37,2013-07-05,524105.769317269
"1945",37,2013-07-12,519902.652650603
"1946",37,2013-07-19,512866.255983936
"1947",37,2013-07-26,516659.959317269
"1948",37,2013-08-02,518690.245983936
"1949",37,2013-08-09,530005.675983936
"1950",37,2013-08-16,514659.492650603
"1951",37,2013-08-23,517385.359317269
"1952",37,2013-08-30,537154.389317269
"1953",37,2013-09-06,542611.042650603
"1954",37,2013-09-13,530700.539317269
"1955",37,2013-09-20,525979.582650603
"1956",37,2013-09-27,526945.689317269
"1957",37,2013-10-04,540975.612650602
"1958",37,2013-10-11,547372.179317269
"1959",37,2013-10-18,527688.762650602
"1960",37,2013-10-25,544624.165983936
"1961",37,2013-11-01,536209.698313253
"1962",38,2012-11-02,428587.530451807
"1963",38,2012-11-09,477628.225451807
"1964",38,2012-11-16,444340.205451808
"1965",38,2012-11-23,439006.690451807
"1966",38,2012-11-30,445994.975451807
"1967",38,2012-12-07,450296.820451808
"1968",38,2012-12-14,464391.565451808
"1969",38,2012-12-21,438070.625451807
"1970",38,2012-12-28,463120.195451807
"1971",38,2013-01-04,391996.210451808
"1972",38,2013-01-11,501122.000451808
"1973",38,2013-01-18,458407.935451808
"1974",38,2013-01-25,441865.125451808
"1975",38,2013-02-01,453927.865451807
"1976",38,2013-02-08,497794.033935743
"1977",38,2013-02-15,488169.087269076
"1978",38,2013-02-22,460730.37060241
"1979",38,2013-03-01,457566.40060241
"1980",38,2013-03-08,507872.407269077
"1981",38,2013-03-15,475848.717269077
"1982",38,2013-03-22,461927.683935743
"1983",38,2013-03-29,458229.577269077
"1984",38,2013-04-05,478179.853935743
"1985",38,2013-04-12,502627.647269077
"1986",38,2013-04-19,470368.563935743
"1987",38,2013-04-26,458174.16060241
"1988",38,2013-05-03,459000.977269077
"1989",38,2013-05-10,524144.10060241
"1990",38,2013-05-17,472633.07060241
"1991",38,2013-05-24,464458.357269077
"1992",38,2013-05-31,460332.723935743
"1993",38,2013-06-07,494474.387269077
"1994",38,2013-06-14,486511.48060241
"1995",38,2013-06-21,465847.813935743
"1996",38,2013-06-28,452298.86060241
"1997",38,2013-07-05,475994.133935743
"1998",38,2013-07-12,496489.417269077
"1999",38,2013-07-19,465442.897269077
"2000",38,2013-07-26,470138.593935743
"2001",38,2013-08-02,457842.90060241
"2002",38,2013-08-09,520116.523935743
"2003",38,2013-08-16,480255.807269077
"2004",38,2013-08-23,459354.47060241
"2005",38,2013-08-30,453600.617269077
"2006",38,2013-09-06,497929.177269077
"2007",38,2013-09-13,499702.237269077
"2008",38,2013-09-20,483406.327269077
"2009",38,2013-09-27,469901.227269077
"2010",38,2013-10-04,466792.34060241
"2011",38,2013-10-11,511366.393935743
"2012",38,2013-10-18,483442.407269077
"2013",38,2013-10-25,481796.777269077
"2014",38,2013-11-01,474392.950753012
"2015",39,2012-11-02,1569369.17451807
"2016",39,2012-11-09,1609321.47451807
"2017",39,2012-11-16,1559831.12951807
"2018",39,2012-11-23,1626181.48951807
"2019",39,2012-11-30,2429746.88451807
"2020",39,2012-12-07,1718055.86451807
"2021",39,2012-12-14,1891699.70951807
"2022",39,2012-12-21,2102651.33951807
"2023",39,2012-12-28,2710639.12951807
"2024",39,2013-01-04,1569228.94451807
"2025",39,2013-01-11,1537159.60951807
"2026",39,2013-01-18,1466815.46451807
"2027",39,2013-01-25,1504758.96951807
"2028",39,2013-02-01,1425153.10951807
"2029",39,2013-02-08,1571044.40935743
"2030",39,2013-02-15,1559907.91269076
"2031",39,2013-02-22,1606493.2460241
"2032",39,2013-03-01,1521393.52935743
"2033",39,2013-03-08,1592766.33269076
"2034",39,2013-03-15,1580495.10935743
"2035",39,2013-03-22,1638344.52935743
"2036",39,2013-03-29,1577211.71935743
"2037",39,2013-04-05,1674377.11269076
"2038",39,2013-04-12,1728380.56935743
"2039",39,2013-04-19,1638083.8660241
"2040",39,2013-04-26,1673125.35935743
"2041",39,2013-05-03,1614365.99935743
"2042",39,2013-05-10,1660488.25269076
"2043",39,2013-05-17,1588475.07269076
"2044",39,2013-05-24,1663390.68935743
"2045",39,2013-05-31,1703438.24269076
"2046",39,2013-06-07,1812347.54935743
"2047",39,2013-06-14,1726517.32935743
"2048",39,2013-06-21,1716605.75935743
"2049",39,2013-06-28,1639503.95935743
"2050",39,2013-07-05,1672459.45935743
"2051",39,2013-07-12,1715624.10935743
"2052",39,2013-07-19,1644647.63269076
"2053",39,2013-07-26,1685146.00935743
"2054",39,2013-08-02,1655016.88269076
"2055",39,2013-08-09,1759890.21269076
"2056",39,2013-08-16,1756667.2960241
"2057",39,2013-08-23,1854572.5560241
"2058",39,2013-08-30,1819565.54935743
"2059",39,2013-09-06,1754597.91269076
"2060",39,2013-09-13,1687145.47269076
"2061",39,2013-09-20,1605214.15935743
"2062",39,2013-09-27,1612130.77935743
"2063",39,2013-10-04,1589859.7160241
"2064",39,2013-10-11,1682501.32935743
"2065",39,2013-10-18,1620164.4160241
"2066",39,2013-10-25,1682163.6560241
"2067",39,2013-11-01,1693137.89753012
"2068",40,2012-11-02,934266.70939759
"2069",40,2012-11-09,1015705.23439759
"2070",40,2012-11-16,1012493.50939759
"2071",40,2012-11-23,904835.77439759
"2072",40,2012-11-30,1223986.71439759
"2073",40,2012-12-07,1056038.65439759
"2074",40,2012-12-14,1160871.66439759
"2075",40,2012-12-21,1214762.55939759
"2076",40,2012-12-28,1651116.75439759
"2077",40,2013-01-04,885995.03939759
"2078",40,2013-01-11,950337.83939759
"2079",40,2013-01-18,801870.88439759
"2080",40,2013-01-25,813599.39939759
"2081",40,2013-02-01,798943.17439759
"2082",40,2013-02-08,996465.015863452
"2083",40,2013-02-15,996900.18253012
"2084",40,2013-02-22,988040.59253012
"2085",40,2013-03-01,925241.915863453
"2086",40,2013-03-08,999530.725863453
"2087",40,2013-03-15,939159.70253012
"2088",40,2013-03-22,920226.999196787
"2089",40,2013-03-29,885368.029196787
"2090",40,2013-04-05,952891.369196786
"2091",40,2013-04-12,1034431.33253012
"2092",40,2013-04-19,906177.235863453
"2093",40,2013-04-26,936877.359196787
"2094",40,2013-05-03,881031.659196786
"2095",40,2013-05-10,1041166.15253012
"2096",40,2013-05-17,960831.03253012
"2097",40,2013-05-24,930885.80253012
"2098",40,2013-05-31,1025182.87586345
"2099",40,2013-06-07,1089739.43253012
"2100",40,2013-06-14,1058311.61586345
"2101",40,2013-06-21,1008705.16919679
"2102",40,2013-06-28,1018232.70253012
"2103",40,2013-07-05,1076282.39253012
"2104",40,2013-07-12,1150718.59586345
"2105",40,2013-07-19,998655.73253012
"2106",40,2013-07-26,991707.85253012
"2107",40,2013-08-02,980174.675863453
"2108",40,2013-08-09,1097699.36253012
"2109",40,2013-08-16,997020.799196786
"2110",40,2013-08-23,982886.285863453
"2111",40,2013-08-30,980298.349196787
"2112",40,2013-09-06,1008217.84253012
"2113",40,2013-09-13,1060196.15586345
"2114",40,2013-09-20,917018.605863453
"2115",40,2013-09-27,908120.98253012
"2116",40,2013-10-04,942414.04253012
"2117",40,2013-10-11,1071848.20586345
"2118",40,2013-10-18,980265.12253012
"2119",40,2013-10-25,948769.439196787
"2120",40,2013-11-01,951539.58566265
"2121",41,2012-11-02,1353515.49409639
"2122",41,2012-11-09,1383638.37909639
"2123",41,2012-11-16,1382769.43409639
"2124",41,2012-11-23,1344993.35409639
"2125",41,2012-11-30,2030554.16409639
"2126",41,2012-12-07,1400132.69409639
"2127",41,2012-12-14,1635641.49409639
"2128",41,2012-12-21,1798993.20409639
"2129",41,2012-12-28,2388226.40909639
"2130",41,2013-01-04,1276758.86409639
"2131",41,2013-01-11,1324750.77409639
"2132",41,2013-01-18,1237544.92409639
"2133",41,2013-01-25,1246017.22409639
"2134",41,2013-02-01,1196776.07409639
"2135",41,2013-02-08,1350068.69879518
"2136",41,2013-02-15,1346643.69212851
"2137",41,2013-02-22,1387104.21879518
"2138",41,2013-03-01,1297333.04546185
"2139",41,2013-03-08,1369351.75546185
"2140",41,2013-03-15,1334109.63212851
"2141",41,2013-03-22,1299680.12879518
"2142",41,2013-03-29,1315518.60546185
"2143",41,2013-04-05,1387600.62546185
"2144",41,2013-04-12,1441357.15212851
"2145",41,2013-04-19,1378267.46879518
"2146",41,2013-04-26,1389354.87879518
"2147",41,2013-05-03,1355726.20879518
"2148",41,2013-05-10,1451964.22546185
"2149",41,2013-05-17,1438392.22546185
"2150",41,2013-05-24,1438239.30546185
"2151",41,2013-05-31,1508295.28546185
"2152",41,2013-06-07,1517657.07546185
"2153",41,2013-06-14,1513566.71879518
"2154",41,2013-06-21,1484042.10212851
"2155",41,2013-06-28,1460141.82879518
"2156",41,2013-07-05,1512551.46546185
"2157",41,2013-07-12,1515556.62546185
"2158",41,2013-07-19,1444527.32212851
"2159",41,2013-07-26,1469215.84879518
"2160",41,2013-08-02,1459872.50546185
"2161",41,2013-08-09,1585133.52546185
"2162",41,2013-08-16,1574213.05546185
"2163",41,2013-08-23,1634271.74212851
"2164",41,2013-08-30,1513920.66879518
"2165",41,2013-09-06,1481049.73879518
"2166",41,2013-09-13,1473733.95879518
"2167",41,2013-09-20,1396753.78879518
"2168",41,2013-09-27,1378679.24879518
"2169",41,2013-10-04,1384396.92879518
"2170",41,2013-10-11,1471837.59212851
"2171",41,2013-10-18,1455338.44546185
"2172",41,2013-10-25,1424190.68212851
"2173",41,2013-11-01,1449419.96349398
"2174",42,2012-11-02,533894.521837349
"2175",42,2012-11-09,619139.651837349
"2176",42,2012-11-16,653469.796837349
"2177",42,2012-11-23,583605.886837349
"2178",42,2012-11-30,587608.386837349
"2179",42,2012-12-07,543677.926837349
"2180",42,2012-12-14,639765.206837349
"2181",42,2012-12-21,605557.661837349
"2182",42,2012-12-28,602986.546837349
"2183",42,2013-01-04,479293.786837349
"2184",42,2013-01-11,652270.906837349
"2185",42,2013-01-18,676734.521837349
"2186",42,2013-01-25,594068.121837349
"2187",42,2013-02-01,556641.076837349
"2188",42,2013-02-08,623053.922449799
"2189",42,2013-02-15,676378.892449799
"2190",42,2013-02-22,607464.952449799
"2191",42,2013-03-01,577720.732449799
"2192",42,2013-03-08,620730.062449799
"2193",42,2013-03-15,668639.239116466
"2194",42,2013-03-22,615788.022449799
"2195",42,2013-03-29,570788.355783133
"2196",42,2013-04-05,569730.369116466
"2197",42,2013-04-12,668465.035783132
"2198",42,2013-04-19,645579.672449799
"2199",42,2013-04-26,576645.025783132
"2200",42,2013-05-03,550231.639116466
"2201",42,2013-05-10,651633.949116466
"2202",42,2013-05-17,653805.792449799
"2203",42,2013-05-24,590014.292449799
"2204",42,2013-05-31,557866.762449799
"2205",42,2013-06-07,591184.195783132
"2206",42,2013-06-14,672345.152449799
"2207",42,2013-06-21,610948.935783132
"2208",42,2013-06-28,558860.965783132
"2209",42,2013-07-05,557119.929116466
"2210",42,2013-07-12,644149.742449799
"2211",42,2013-07-19,643027.852449799
"2212",42,2013-07-26,561064.642449799
"2213",42,2013-08-02,538550.322449799
"2214",42,2013-08-09,625225.212449799
"2215",42,2013-08-16,637763.642449799
"2216",42,2013-08-23,584676.009116466
"2217",42,2013-08-30,551898.302449799
"2218",42,2013-09-06,572328.925783132
"2219",42,2013-09-13,655110.239116466
"2220",42,2013-09-20,616963.239116466
"2221",42,2013-09-27,566119.499116466
"2222",42,2013-10-04,549396.522449799
"2223",42,2013-10-11,664158.865783132
"2224",42,2013-10-18,645213.249116466
"2225",42,2013-10-25,583864.762449799
"2226",42,2013-11-01,558968.419728916
"2227",43,2012-11-02,563694.919789156
"2228",43,2012-11-09,596331.259789156
"2229",43,2012-11-16,578096.839789157
"2230",43,2012-11-23,581189.954789156
"2231",43,2012-11-30,624141.254789156
"2232",43,2012-12-07,543684.414789157
"2233",43,2012-12-14,580687.019789156
"2234",43,2012-12-21,612782.899789156
"2235",43,2012-12-28,638862.519789156
"2236",43,2013-01-04,492471.549789156
"2237",43,2013-01-11,613793.284789157
"2238",43,2013-01-18,611633.329789156
"2239",43,2013-01-25,582513.694789157
"2240",43,2013-02-01,547520.299789157
"2241",43,2013-02-08,605773.886385542
"2242",43,2013-02-15,623454.173052209
"2243",43,2013-02-22,611950.423052209
"2244",43,2013-03-01,571226.556385542
"2245",43,2013-03-08,619263.059718875
"2246",43,2013-03-15,600228.419718875
"2247",43,2013-03-22,618190.153052209
"2248",43,2013-03-29,569873.956385542
"2249",43,2013-04-05,591513.546385542
"2250",43,2013-04-12,630513.086385542
"2251",43,2013-04-19,622107.349718875
"2252",43,2013-04-26,601658.966385542
"2253",43,2013-05-03,574978.936385542
"2254",43,2013-05-10,622735.146385542
"2255",43,2013-05-17,635086.813052209
"2256",43,2013-05-24,619509.323052209
"2257",43,2013-05-31,565175.226385542
"2258",43,2013-06-07,602552.399718875
"2259",43,2013-06-14,619897.356385542
"2260",43,2013-06-21,630066.836385542
"2261",43,2013-06-28,577661.969718875
"2262",43,2013-07-05,578952.533052209
"2263",43,2013-07-12,635036.216385542
"2264",43,2013-07-19,615299.893052209
"2265",43,2013-07-26,577512.629718875
"2266",43,2013-08-02,539357.056385542
"2267",43,2013-08-09,602821.829718875
"2268",43,2013-08-16,614086.383052209
"2269",43,2013-08-23,635356.719718875
"2270",43,2013-08-30,568228.769718875
"2271",43,2013-09-06,588762.333052209
"2272",43,2013-09-13,641552.116385542
"2273",43,2013-09-20,619570.336385542
"2274",43,2013-09-27,575985.333052209
"2275",43,2013-10-04,559892.903052209
"2276",43,2013-10-11,629456.649718875
"2277",43,2013-10-18,599933.619718875
"2278",43,2013-10-25,596360.706385542
"2279",43,2013-11-01,545293.902981928
"2280",44,2012-11-02,332431.204307229
"2281",44,2012-11-09,324836.014307229
"2282",44,2012-11-16,333086.099307229
"2283",44,2012-11-23,333441.204307229
"2284",44,2012-11-30,344402.179307229
"2285",44,2012-12-07,310276.154307229
"2286",44,2012-12-14,327291.519307229
"2287",44,2012-12-21,330909.679307229
"2288",44,2012-12-28,406680.489307229
"2289",44,2013-01-04,288941.904307229
"2290",44,2013-01-11,342838.579307229
"2291",44,2013-01-18,338625.044307229
"2292",44,2013-01-25,332567.519307229
"2293",44,2013-02-01,328167.814307229
"2294",44,2013-02-08,348362.592409638
"2295",44,2013-02-15,354593.175742972
"2296",44,2013-02-22,337830.322409638
"2297",44,2013-03-01,337402.165742972
"2298",44,2013-03-08,346448.909076305
"2299",44,2013-03-15,334727.635742972
"2300",44,2013-03-22,342449.175742972
"2301",44,2013-03-29,334105.352409638
"2302",44,2013-04-05,340598.915742972
"2303",44,2013-04-12,337979.569076305
"2304",44,2013-04-19,341721.402409638
"2305",44,2013-04-26,341978.612409638
"2306",44,2013-05-03,342880.559076305
"2307",44,2013-05-10,351615.169076305
"2308",44,2013-05-17,359683.335742972
"2309",44,2013-05-24,349574.902409638
"2310",44,2013-05-31,362553.162409638
"2311",44,2013-06-07,352923.499076305
"2312",44,2013-06-14,363294.899076305
"2313",44,2013-06-21,358731.915742972
"2314",44,2013-06-28,355103.842409638
"2315",44,2013-07-05,366115.015742972
"2316",44,2013-07-12,359443.689076305
"2317",44,2013-07-19,355612.782409638
"2318",44,2013-07-26,359221.942409638
"2319",44,2013-08-02,339536.972409638
"2320",44,2013-08-09,360442.672409638
"2321",44,2013-08-16,353026.752409638
"2322",44,2013-08-23,349032.465742972
"2323",44,2013-08-30,366457.769076305
"2324",44,2013-09-06,362990.675742972
"2325",44,2013-09-13,354020.469076305
"2326",44,2013-09-20,358374.259076305
"2327",44,2013-09-27,356266.069076305
"2328",44,2013-10-04,366425.279076305
"2329",44,2013-10-11,357849.979076305
"2330",44,2013-10-18,347864.679076305
"2331",44,2013-10-25,347968.192409638
"2332",44,2013-11-01,356440.820512048
"2333",45,2012-11-02,764055.564879518
"2334",45,2012-11-09,805500.039879518
"2335",45,2012-11-16,793915.274879518
"2336",45,2012-11-23,755574.209879518
"2337",45,2012-11-30,1183364.94987952
"2338",45,2012-12-07,884250.754879518
"2339",45,2012-12-14,986538.224879518
"2340",45,2012-12-21,1107872.66487952
"2341",45,2012-12-28,1609188.40987952
"2342",45,2013-01-04,781058.314879518
"2343",45,2013-01-11,703946.099879518
"2344",45,2013-01-18,672095.639879518
"2345",45,2013-01-25,679117.169879518
"2346",45,2013-02-01,627423.009879518
"2347",45,2013-02-08,811525.463172692
"2348",45,2013-02-15,751405.119839358
"2349",45,2013-02-22,843161.599839358
"2350",45,2013-03-01,751927.603172691
"2351",45,2013-03-08,783247.063172691
"2352",45,2013-03-15,761261.539839358
"2353",45,2013-03-22,774279.363172691
"2354",45,2013-03-29,773749.866506024
"2355",45,2013-04-05,798009.793172691
"2356",45,2013-04-12,836852.813172691
"2357",45,2013-04-19,785525.393172691
"2358",45,2013-04-26,789061.626506024
"2359",45,2013-05-03,754170.886506024
"2360",45,2013-05-10,810585.226506024
"2361",45,2013-05-17,783224.089839358
"2362",45,2013-05-24,767669.266506024
"2363",45,2013-05-31,821202.149839358
"2364",45,2013-06-07,859743.433172691
"2365",45,2013-06-14,810446.846506024
"2366",45,2013-06-21,824965.316506024
"2367",45,2013-06-28,801614.563172691
"2368",45,2013-07-05,797374.799839358
"2369",45,2013-07-12,808751.603172691
"2370",45,2013-07-19,749691.623172691
"2371",45,2013-07-26,740317.869839358
"2372",45,2013-08-02,720108.473172691
"2373",45,2013-08-09,755119.116506024
"2374",45,2013-08-16,735531.339839358
"2375",45,2013-08-23,723513.846506024
"2376",45,2013-08-30,767023.066506024
"2377",45,2013-09-06,759346.186506024
"2378",45,2013-09-13,753738.679839358
"2379",45,2013-09-20,719235.669839358
"2380",45,2013-09-27,714178.266506024
"2381",45,2013-10-04,709760.549839358
"2382",45,2013-10-11,753265.939839358
"2383",45,2013-10-18,732596.083172691
"2384",45,2013-10-25,749274.966506024
"2385",45,2013-11-01,768574.49813253
